"WY","NZ028_Jan_Mysida_CPUE","NZ028_Feb_Mysida_CPUE","NZ028_Mar_Mysida_CPUE","NZ028_Apr_Mysida_CPUE","NZ028_May_Mysida_CPUE","NZ028_Jun_Mysida_CPUE","NZ028_Jul_Mysida_CPUE","NZ028_Aug_Mysida_CPUE","NZ028_Sep_Mysida_CPUE","NZ028_Oct_Mysida_CPUE","NZ028_Nov_Mysida_CPUE","NZ028_Dec_Mysida_CPUE","NZ048_Jan_Mysida_CPUE","NZ048_Feb_Mysida_CPUE","NZ048_Mar_Mysida_CPUE","NZ048_Apr_Mysida_CPUE","NZ048_May_Mysida_CPUE","NZ048_Jun_Mysida_CPUE","NZ048_Jul_Mysida_CPUE","NZ048_Aug_Mysida_CPUE","NZ048_Sep_Mysida_CPUE","NZ048_Oct_Mysida_CPUE","NZ048_Nov_Mysida_CPUE","NZ048_Dec_Mysida_CPUE","NZ054_Jan_Mysida_CPUE","NZ054_Feb_Mysida_CPUE","NZ054_Mar_Mysida_CPUE","NZ054_Apr_Mysida_CPUE","NZ054_May_Mysida_CPUE","NZ054_Jun_Mysida_CPUE","NZ054_Jul_Mysida_CPUE","NZ054_Aug_Mysida_CPUE","NZ054_Sep_Mysida_CPUE","NZ054_Oct_Mysida_CPUE","NZ054_Nov_Mysida_CPUE","NZ054_Dec_Mysida_CPUE","NZ060_Jan_Mysida_CPUE","NZ060_Feb_Mysida_CPUE","NZ060_Mar_Mysida_CPUE","NZ060_Apr_Mysida_CPUE","NZ060_May_Mysida_CPUE","NZ060_Jun_Mysida_CPUE","NZ060_Jul_Mysida_CPUE","NZ060_Aug_Mysida_CPUE","NZ060_Sep_Mysida_CPUE","NZ060_Oct_Mysida_CPUE","NZ060_Nov_Mysida_CPUE","NZ060_Dec_Mysida_CPUE","NZ064_Jan_Mysida_CPUE","NZ064_Feb_Mysida_CPUE","NZ064_Mar_Mysida_CPUE","NZ064_Apr_Mysida_CPUE","NZ064_May_Mysida_CPUE","NZ064_Jun_Mysida_CPUE","NZ064_Jul_Mysida_CPUE","NZ064_Aug_Mysida_CPUE","NZ064_Sep_Mysida_CPUE","NZ064_Oct_Mysida_CPUE","NZ064_Nov_Mysida_CPUE","NZ064_Dec_Mysida_CPUE","NZ086_Jan_Mysida_CPUE","NZ086_Feb_Mysida_CPUE","NZ086_Mar_Mysida_CPUE","NZ086_Apr_Mysida_CPUE","NZ086_May_Mysida_CPUE","NZ086_Jun_Mysida_CPUE","NZ086_Jul_Mysida_CPUE","NZ086_Aug_Mysida_CPUE","NZ086_Sep_Mysida_CPUE","NZ086_Oct_Mysida_CPUE","NZ086_Nov_Mysida_CPUE","NZ086_Dec_Mysida_CPUE","NZ325_Jan_Mysida_CPUE","NZ325_Feb_Mysida_CPUE","NZ325_Mar_Mysida_CPUE","NZ325_Apr_Mysida_CPUE","NZ325_May_Mysida_CPUE","NZ325_Jun_Mysida_CPUE","NZ325_Jul_Mysida_CPUE","NZ325_Aug_Mysida_CPUE","NZ325_Sep_Mysida_CPUE","NZ325_Oct_Mysida_CPUE","NZ325_Nov_Mysida_CPUE","NZ325_Dec_Mysida_CPUE"
1972,0.08,0.97,1.93,2.69,2.02,5.96,5.62,7.4,75.855,NA,NA,NA,0.71,1.76,2.76,13.46,5.455,5.23,13.21,8.675,73.09,NA,NA,NA,1.84,10.58,9.23,23.025,62.795,11.01,80.375,58.965,170.095,NA,NA,NA,35.56,5.19,1.18,67.795,98.36,166.41,120.92,110.24,303.67,NA,NA,NA,2.54,2.31,0.01,118.42,242.81,79.97,64.845,335.86,391.965,NA,NA,NA,3.7,0.76,0.18,25.145,56.48,15.52,8.295,25.395,46.47,NA,NA,NA,NA,NA,NA,NA,NA,NA,NA,NA,NA,NA,NA,NA
1973,NA,NA,2.73,24.865,339.57,320.54,5.4,6.345,242.815,91.04,24.43,21.07,NA,NA,19.13,104.74,383.62,155.64,2.85,6.805,33.04,55.19,61.2,37.59,NA,NA,2.59,117.66,221.35,289.59,60.46,80.65,181.585,124.7,29.79,6.2,NA,NA,2.16,146.94,308.685,70.615,42.265,214.07,43.45,114.305,155.2,134.21,NA,NA,NA,11.17,405.46,111.91,29.61,52.815,15.695,121.365,1.91,41.18,NA,NA,0.39,13.695,134.63,9,8.945,12.125,4.735,22.645,6.6,1.65,NA,NA,NA,NA,NA,NA,NA,NA,NA,NA,NA,NA
1974,NA,NA,0.95,32.845,192.32,419.42,170.055,116.33,70.75,219.875,36.23,NA,NA,NA,3.89,1.235,406.09,410.06,471.675,129.17,77.57,65.355,4.68,NA,NA,NA,3.65,0.845,180.28,180.91,293.785,137.815,201.315,59.885,11.49,NA,NA,NA,1.07,0.215,189.69,315.17,187.665,79.405,18.085,34.825,42.15,NA,NA,NA,0.23,0.06,141.72,103.91,144.82,38.32,95.12,145.14,1.29,NA,NA,NA,3.665,4.54,43.84,65.745,46.945,10.155,1,1.19,1.59,NA,NA,NA,NA,NA,NA,NA,NA,NA,NA,NA,NA,NA
1975,NA,NA,4.19,4.08,76.165,154.005,115.32,49.385,9.6,51.65,0.11,NA,NA,NA,NA,23.505,60.665,320.69,1034.79,135.945,34.235,135.865,16.47,NA,NA,NA,NA,18.055,60.23,83.255,105.11,61.685,44.555,146.045,46.56,NA,NA,NA,NA,1.3,98.085,152.005,187.63,67.245,89.31,86.8,9.65,NA,NA,NA,0.02,1.255,13.305,48.93,115.145,56.8,41.285,19.01,3,NA,NA,NA,1.43,1.765,0.135,3.90333333333333,3.03,2.58,2.61,0.495,0.07,NA,NA,NA,NA,NA,NA,NA,NA,NA,NA,NA,NA,NA
1976,NA,NA,8.47,27.49,0.44,53.63,1.05,0.015,0,0.97,93.2,NA,NA,NA,4.65,10.525,27.4,155.61,3.675,7.825,0.015,83.46,28.03,NA,NA,NA,5.08,58.485,192.71,958.6,310.45,15.125,4.215,107.06,79.88,NA,NA,NA,28.86,126.695,171.45,935.015,49.055,86.62,12.605,47.385,2.36,NA,NA,NA,202.05,70.105,499.295,83.885,31.715,19.255,20.87,42.895,0.28,NA,NA,NA,2.92,1.315,5.07,40.725,4.85,0.73,0.7,0.145,0,NA,NA,NA,NA,NA,NA,NA,NA,NA,NA,NA,NA,NA
1977,0,0,0.13,0.045,0,0.385,0,0,0,0.115,0.455,0.07,NA,NA,0.15,0.3,0.325,0.095,0,0,0.01,0.05,0.57,NA,1.98,0.39,1.41,7.925,4.855,1.85,1.865,5.48,0.14,6.035,1.78,3.52,NA,NA,3.43,13.83,4.145,2.57,5.665,3.19,0.48,13.42,5.5,NA,NA,NA,7.6,17.165,36.68,23.265,59.265,23.335,12.465,68.37,27.56,NA,0.03,0.19,2.75,3.915,18.32,1.675,0.66,0.14,0.61,0.915,0.26,1.06,NA,NA,NA,NA,NA,NA,NA,NA,NA,NA,NA,NA
1978,0.21,0.36,2.18,0.22,36.97,6.015,2.44,1.735,1.295,0,0,0.02,0.65,0.1,1.155,9.485,265.96,82.625,2.18,3.33,8.185,0.01,0.39,1.79,NA,NA,0.315,5.485,77.53,86.155,158.94,34.885,121.29,1.585,0.43,NA,0,NA,0.04,0.3,56.76,43.91,159.92,183.89,114.135,9.665,4.11,0.34,0,NA,0.946666666666667,0.31,38.03,28.66,65.86,139.49,26.485,20.85,16.09,0.78,NA,NA,0.133333333333333,0.11,4.45,13.35,1.74,2.365,0.85,1.01,0.42,NA,NA,0.07,4.425,15.89,2.67,NA,NA,NA,NA,NA,NA,NA
1979,1.8,0.36,6.625,26.385,92.125,22.475,1.5,0.135,0.095,1.805,3.09,7.32,1.87,0.66,13.985,77.2,46.71,48.72,6.86,0.8,0.63,9.825,17.75,NA,NA,3.1,1.08,38.23,55.995,145.215,94.965,52.22,2.93,72.86,25.98,15.47,12.19,NA,0.34,14.825,73.095,42.615,261.835,119.425,27.94,87.28,28.52,NA,NA,NA,1.01,17.95,34.2,18.5266666666667,61.82,57.035,41.51,38.745,25.37,NA,NA,NA,0.37,1.845,4.85,0.91,1.435,0.44,0.12,0.02,0.28,NA,0.02,NA,0.24,4.855,2.03,NA,NA,NA,NA,NA,NA,NA
1980,0.19,1.01,0.185,31.025,200.495,201.82,197.21,32.45,16.815,0.86,0.21,0.56,0,20.23,0.785,52.15,465.855,208.575,144.435,23.77,18.265,0.75,10.665,59.56,0.02,4.29,0.485,13.67,51.35,17.57,63.955,136.555,49.825,10.5,72.03,3.47,NA,NA,0.21,5.675,35.61,17.515,21.06,88.18,143.02,63.975,104.745,5.93,NA,NA,0.05,11.98,55.06,11.225,26.71,46.4,228.115,51.13,19.86,6.3,NA,NA,0.25,0.12,9.32,9.165,5.515,2.5,0.5,0.33,0.09,NA,1.12,0.04,32.305,12.74,9.04,2.93,3.035,NA,NA,NA,NA,NA
1981,0.38,3.09,16,31.075,13.2,2.175,0.445,0.14,0.03,1.69,14.86,5.37,0.38,5.04,9.17,5.46,20.21,57.4166666666667,0.67,0.62,0.245,18.04,10.58,13.39,2.86,2.8,0.89,22.4766666666667,104.59,280.336666666667,32.355,3.7,0.555,67.715,17.62,25.52,3.04,1.43,2.66,19.2966666666667,157.9,271.973333333333,211.275,48.785,8.56,394.965,52.02,26.26,3.24,2.91,3.35,36.465,369.245,69.755,189.665,14.355,53.765,203.355,31.26,14.41,NA,NA,1.18,2.63,5.085,3.72,7.675,0.095,0.235,0.945,0.73,NA,NA,NA,0,1.16,NA,NA,NA,NA,NA,NA,NA,NA
1982,0.29,0.43,0.39,4.14,16.34,36.6,863.1,3.59,12.41,0.03,2.2,1.36,8.95,0.18,0.19,0.16,46.48,187.376666666667,503.93,23.445,86.08,0.27,15.26,2.99,0.1,0,0.06,0.19,9.18,230.42,232.89,278.535,111.765,0.07,0.85,0.85,NA,NA,0.01,0,0.96,120.9,1272,1228.125,38.83,9.73,13.19,NA,NA,NA,0.14,0,9.21,60.21,818.81,277.05,49.085,45.16,2.98,NA,NA,NA,0.145,0.05,1.2,8.445,31.74,1.61,0.35,0,1,NA,0.22,4.79,3.08,16.33,37.06,80.59,2.82,NA,NA,NA,NA,0
1983,0,0.64,0.36,1.51,1.52,3.67,0.36,6.35333333333333,NA,0.995,0.38,NA,0.13,0.08,0.065,2,9.8,32.805,29.41,124.675,26.3,27.035,5.2,0.85,0.29,0.21,0.015,1.795,3.07,42.07,56.43,16.82,7.33333333333333,17.71,4.32,NA,0.22,NA,0,0.245,0.485,6.93,2.57,7.8,0.13,13.245,1.21,NA,NA,NA,0,0.065,0.57,1.2,240.385,61.275,0.5,20.835,0.25,NA,NA,NA,0.055,0.5,1.2,7.225,2.17,1.74333333333333,0.075,0.245,0,NA,0.3,0.59,2.425,10.45,28.21,8.09,3.07,1.39,NA,NA,NA,NA
1984,NA,NA,0.09,6.62,204.81,17.095,22.265,3.695,0.12,0.01,1.08,NA,NA,NA,34.12,80.3333333333333,367.415,121.805,291.5,73.645,3.54,6.195,4.79,NA,NA,NA,2.51,36.06,184.39,144.65,19.63,6.955,29.66,0.43,0.53,NA,NA,NA,0.54,23.9266666666667,78.155,328.08,32.045,16.01,4.18,0.05,0.2,NA,NA,NA,0.19,34.46,50.75,1575.4,26.975,9.39,11.64,0.335,0.1,NA,NA,NA,0.73,7.2,9.205,111.12,12.795,0.005,0,0.02,0.25,NA,NA,NA,1.65,NA,NA,NA,NA,NA,NA,NA,NA,NA
1985,NA,NA,0.06,2.29,0.11,1.93,4,1.55,0,0.64,0.24,NA,NA,NA,6.26,40.915,175.433333333333,431.55,37.545,8.805,0.565,8.31,5.55,NA,NA,NA,6,14.655,231.35,720.51,80.71,40.785,3.605,11.06,11.695,NA,NA,NA,3.93,12.97,568.133333333333,125.025,75.535,98.185,82.01,1.16,6.37,NA,NA,NA,1.63,60.845,481.11,404.63,17.345,74.205,61.795,2.36,2.91,NA,NA,NA,0.075,0.075,1.935,29.535,0.985,0.025,0,0.015,0.05,NA,NA,NA,NA,NA,NA,NA,NA,NA,NA,NA,NA,NA
1986,NA,NA,NA,0.615,379.45,161.94,72.245,23.31,0.755,0,0,NA,NA,NA,0,22.65,1824.55,176.156666666667,52.315,8.895,30.765,0.945,1.29,NA,NA,NA,0,3.03,114.3,625.74,489.335,112.865,49.355,3.235,0.2,NA,NA,NA,NA,1.995,94.23,264.613333333333,115.64,124.465,58.92,19.01,0.57,NA,NA,NA,NA,1.4,224.84,281.91,174.11,272.055,47.38,49.935,45.84,NA,NA,NA,NA,0.58,15.05,33.71,28.985,13.59,3.22,0,0.04,NA,NA,NA,8.87,11.905,NA,NA,NA,NA,NA,NA,NA,NA
1987,NA,NA,12.265,3.175,0.74,0.235,0.19,0.065,0.05,37.195,0.66,NA,NA,NA,10.31,80.605,50.43,6.46,1.79,2.095,0.986666666666667,29.38,27.62,NA,NA,NA,1.88,25.175,60.075,22.26,3.11,11.735,2.44666666666667,6.535,6.84,NA,NA,NA,1.675,131.165,66.775,48.2,NA,11.105,5.6,8.285,5.73,NA,NA,NA,1.66,84.36,164.075,42.355,25.835,11.73,27,2.925,4.22,NA,NA,NA,0.265,1.77,7.545,33.725,2.175,1.405,0.765,1.845,0.07,NA,NA,NA,NA,NA,NA,NA,NA,NA,NA,NA,NA,NA
1988,NA,NA,0.04,0.425,0.36,0.73,NA,0.935,1.27,0.035,0.03,NA,NA,NA,NA,7.695,2.8,9.225,NA,5.785,1.83,0.74,0.435,NA,NA,NA,NA,12.62,5.925,17.76,NA,10.67,0.83,1.66,0.24,NA,NA,NA,NA,46.165,57.06,78.8,NA,2.79,2.62,3.1,7.725,NA,NA,NA,13.07,31.105,174.48,408.5,NA,28.665,7.83,16.905,13.23,NA,NA,NA,0.09,0.06,13.205,15.695,NA,0.06,0.04,0.055,0.41,NA,NA,NA,NA,NA,NA,NA,NA,NA,NA,NA,NA,NA
1989,NA,NA,0.08,4.29,NA,7.02,0.18,0.165,0.05,0.01,0.065,NA,NA,NA,0.57,12.34,10.605,11.92,24.22,1.93,2.11,0.92,0.115,NA,NA,NA,0.59,2.09,7.39,7,16.61,1.145,0.345,0.345,0.03,NA,NA,NA,0.05,1.02,20.33,31.99,2.92,1.96,1.075,1.38,0.205,NA,NA,NA,0.06,7.865,39.945,92.09,7.935,0.105,3.2,11.525,2.8,NA,NA,NA,0.2,1.17,2.79,29.97,1.115,0.015,0,0.03,0.03,NA,NA,NA,NA,NA,NA,NA,NA,NA,NA,NA,NA,NA
1990,NA,NA,0.54,0.2,0.785,8.055,0.31,1.125,0.01,0.115,0.15,NA,NA,NA,0.99,0.45,9.38,6.01,12.63,0.485,0.53,0.645,0.03,NA,NA,NA,0.05,1.34,5.38666666666667,2.415,3.35,0.305,0.14,0.24,0.02,NA,NA,NA,0.2,0.6,12.21,3.75,1.475,1.065,0.795,0.58,0.1,NA,NA,NA,8.38,22.22,73.9766666666667,10.66,5.35,2.525,2.415,23.735,1.62,NA,NA,NA,0.05,0.06,7.37666666666667,0.115,0.01,0.005,0,0.06,0,NA,NA,NA,NA,NA,NA,NA,NA,NA,NA,NA,NA,NA
1991,NA,NA,NA,0.39,7.86,10.6,NA,3.19,1.505,0,0,NA,NA,NA,1.3,3.305,3.045,11.89,30.73,8.68,6.225,0.375,0.13,NA,NA,NA,0.19,0.685,0.87,6.915,12.26,3.82,1.045,0.065,0.01,NA,NA,NA,NA,0.545,3.915,9.195,2.19,2.695,0.61,0.005,0.09,NA,NA,NA,NA,6.775,60.975,34.255,5.42,9.13,3.48,1.96,6.61,NA,NA,NA,NA,0.94,0.515,1.44,0.045,0.06,0.08,0,0,NA,NA,NA,NA,NA,NA,NA,NA,NA,NA,NA,NA,NA
1992,NA,NA,0.33,0.085,1.135,0.78,0.04,0.035,0,0.005,0,NA,NA,NA,0.85,13.495,20.48,13.775,4.04,0.24,0.125,0.98,0.28,NA,NA,NA,0.04,0.5,18.935,12.02,4.49,0.11,0.23,0.223333333333333,0.04,NA,NA,NA,0.15,0.79,11.955,7,0.365,0.07,0.06,0.085,0.015,NA,NA,NA,0.05,1.17,27.495,3.445,1.565,0.12,0.33,3.04,1.9,NA,NA,NA,0.03,0.085,5.355,5.085,0.02,0,0,0.005,0,NA,NA,NA,NA,NA,NA,NA,NA,NA,NA,NA,NA,NA
1993,NA,NA,0,0.045,10.32,290.86,21.6,1.505,3.33,0,0,NA,NA,NA,0.22,2.66,145.505,128.87,9.53,2.595,0.83,0.04,0.09,NA,NA,NA,0.01,0.11,1.24,30.505,3.03,1.5,7.165,0.015,0,NA,NA,NA,0.01,0,0.07,20.625,1.28,0.165,3.11,0.025,0,NA,NA,NA,0.22,0.25,7.33,0.05,1.15,0.015,3.32,0.81,1.27,NA,NA,NA,0.08,0.04,0.02,0.22,0.695,0.005,0,0,0,NA,NA,NA,0,0,0.81,7.35,NA,NA,NA,NA,NA,NA
1994,NA,NA,0.01,0.02,0.26,0.28,71.75,3.1,2.11,0.24,0.1,NA,NA,NA,0.03,0.16,1.47,22.6,46.6,5.18,2.05,1.3,0,NA,NA,NA,0.08,0.46,2.34,59.05,39.26,19.34,7.72,3.73,0.03,NA,NA,NA,0.01,0.48,5.96,113.54,40.14,10.06,7.07,3.475,0.44,NA,NA,NA,0,0.58,6.27,92.94,15.91,21.06,23.14,5.91,5.25,NA,NA,NA,0,0.02,0,7.16,0,0.05,0,0,0,NA,NA,NA,NA,NA,NA,NA,NA,NA,NA,NA,NA,NA
1995,0,0,0,0.01,0.03,0,2.63,9.85,0.68,0.86,0,0,0,0,0,0,0,0.6,11.5,28.16,19.46,2.52,0.05,0.04,0,0,0,0.01,0.03,0.46,1.55,6.16,21.32,0.39,0.07,0.01,0,0,0,0,0,0,0,8.65,1.15,8.36,0.01,0.22,0,0,0,0,0,0.12,0.01,0.38,0.03,5.6,1.1,0.07,0,0,0,0,0,0.05,0.12,0,0,0,0,0,NA,NA,NA,NA,NA,NA,NA,NA,NA,NA,NA,NA
1996,0.04,0,0,0.03,2.87,29.66,0.17,0.09,3.72,0.06,0,0.05,0.05,0,0.01,0.28,6.79,2.14,32.52,5.52,2.75,1.1,0.38,0.21,0.02,0,0.14,0.12,5.47,2.52,13.66,3.42,1.11,3.39,0.46,NA,0,0.01,0.03,0.06,1.79,0.98,5.67,18.51,20.1,5.44,0.57,0.04,0,0,0,0.01,7.13,41.98,0.01,5.55,32.43,0,0.2,0,0,0.06,0.01,0.34,0.07,5.61,0,0,0,0,0.03,0,NA,NA,NA,NA,NA,NA,NA,NA,NA,NA,NA,NA
1997,0,0.03,0.04,0.15,0.04,0.45,83.65,26.56,0,0,0.05,NA,0,0.01,1.01,8.83,168.36,136.08,21.85,41.05,3.55,4.27,0.45,0.09,0,0,0.02,2.66,28.73,NA,27.21,45.14,15.04,1.9,0.49,0.04,0,0,0,11.62,5.16,6.51,28.89,14.06,3.91,2.41,5,0,0,0,0.38,7.6,5.15,22.15,0.23,2.75,0.83,38.47,2.09,0,0,0.01,0,NA,0.24,0.62,0.16,0,0,0,0,0,NA,NA,0.87,NA,NA,NA,NA,NA,NA,NA,NA,NA
1998,0.22,0,0.02,1.35,0.2,0.3,54.69,37.57,92.53,0.15,0.21,0,1.16,0,0.02,0.04,0.58,1.73,1.09,5.55,27.43,0.06,0.18,0.36,0.46,0,0,1.33,0.05,0.04,0.49,4.25,14.36,1.46,0.39,1.2,0,0,0,0.06,0.22,1.42,0.3,3.89,10.78,0.3,1.99,0.57,2.85,0,0.02,0.25,1.7,1.66,0.32,0.16,0.21,66.67,20.74,0.1,0.05,0,0,0.34,2.2,0.23,0.53,0.01,0.03,0.03,0.04,0,NA,0.62,3.77,NA,12.73,19.04,NA,NA,NA,NA,NA,NA
1999,2.46,0,0,0,NA,32.4,70.81,4.46,6.09,NA,0.42,0.06,3.04,0.03,0.03,4.88,NA,70.7,76.79,31.11,20.68,35.74,8.64,0.86,5.32,0,0.84,6.81,11.22,5.09,0,68.28,20.62,15.29,5.87,0,1.02,0,0,0,0.98,3.6,1.85,10.35,33.19,1.75,16.14,0,0,0.02,0,0.01,0.03,6.89,4.18,6.06,3.99,0.73,8.43,0,0,0,0,0.01,2.16,0,0,0,0.02,0.03,0.07,0,NA,1.03,1.12,NA,NA,NA,NA,NA,NA,NA,NA,1.34
2000,0.61,0.02,0,0.34,88.99,10.12,11.62,32.51,1.71,1.41,0.09,0.11,0.85,0,0.06,24.7,95.46,NA,17.98,17.13,4.94,21.18,2.9,2.75,1.13,0,0.09,NA,54.34,8.09,64.3,13.44,19.63,17.28,0.79,0.68,0.69,0.02,0,2.17,9.82,7.39,25.63,14.34,44.4,48.7,16.02,1.35,3.89,0,0.03,0,18.27,10.92,23.75,0.32,23.87,36.65,16.58,0.11,0,0,0,0,0.1,0.59,2.28,0.12,0,0.03,0.03,0,NA,0.38,1.27,NA,31.88,NA,NA,NA,NA,NA,NA,NA
2001,0.15,0.1,0.15,0.23,0.02,3.85,0.71,3.09,0.02,6.48,0.32,0.14,0.32,1.04,0.98,2.24,25.75,37.16,27.73,10.48,6.92,21.88,11.32,0.51,0.77,0.13,0.11,1.66,8.27,107.11,20.03,16.08,5.1,15.37,9.12,1.29,0.24,NA,0,8.05,30.79,11.83,22.67,26.97,11.4,17.95,13.74,0.26,0.49,0.2,0.02,0.45,66.18,26.41,2.23,13.78,8.47,19.32,9.27,1.54,0,0,0,0.04,0.49,0.05,0.13,0.04,0.03,0.24,0.02,0.02,NA,NA,NA,NA,NA,NA,NA,NA,NA,NA,NA,NA
2002,0.1,0.41,3.09,0.07,37.7,1.26,2.84,8.6,1.41,2.62,1.11,0.23,0.06,3.92,1.95,12.35,72.06,135.99,88.6,18.63,21.57,2.2,1.26,2.53,0.01,2.3,2.09,12.76,61.51,NA,90.23,11.11,19.02,7.84,1.52,NA,0.01,2.3,8.9,21.78,18.33,23.16,30.18,31.24,14.07,5.21,36.69,2.8,0.04,0.41,1.46,0.54,6.11,20.48,18.85,19.17,15.11,43.9,17.8,0.16,0,0,0.01,0,0.88,0.1,1.38,0.38,0.26,0.07,0.08,0.05,1.02,NA,NA,NA,NA,NA,NA,NA,NA,NA,NA,NA
2003,2.26,3.68,0.1,0.08,1.39,108.78,0.44,9.14,0.24,2.85,1.35,2.46,0.89,0.89,2.57,4.12,3.97,158.36,19.12,NA,8.28,2.46,4.88,3.56,1.56,0.96,1.64,NA,0.35,20.02,NA,8.72,14.73,7.45,2.97,1.04,0.06,0.05,3.21,7.23,0.01,11.17,3.37,13.6,22.38,20.53,10.94,1.65,0.03,0,0.01,0.07,0,4.33,0,2.67,54.85,NA,2.53,1.54,0,0,0,0,0,0.03,0.04,0,0.03,0.02,0,0,0.6,NA,NA,NA,1.05,NA,NA,NA,NA,NA,NA,NA
2004,1.03,0,0,4.86,0.3,0.06,2.2,0.22,2.65,0.34,0.11,0.41,0.1,0.33,1.37,2.1,5.21,22.86,6.93,28.31,1.38,3.33,0.41,0.49,0.06,NA,0.03,7.06,136.08,11.85,28.82,28.31,43.74,1.69,0.63,0.4,0.04,0.02,0.03,0.04,75.66,25.4,28.72,4.96,5.83,1.35,0.32,0.95,0.04,0.05,0.04,0,4.88,5.71,67.93,31.27,72.4,3.09,1.1,0.01,0,0,0,0,0.35,2.6,0.94,0,0.01,0.03,0,0,NA,0.44,0.64,NA,NA,NA,NA,NA,NA,NA,NA,NA
2005,0.44,0.07,0.17,0,9.36,4.8,0,5.19,6.8,1.55,0.14,0.17,0.31,0.14,1.94,9.18,4.09,70.23,74.74,27.97,2.44,0.35,0.67,0.39,0.44,0.37,0.48,2.66,0.44,1.59,53.46,52.26,14.63,1.43,0.91,0.26,0.02,0,0.06,0.05,0.13,0.43,22.11,14.19,11.32,2.11,3.92,0.44,0,0.03,0.43,0,0.02,1.63,8.8,95.46,44.52,24.93,2.18,0.25,0.01,0.01,0,0,0,0.06,0,0.08,0,0,0,0,NA,NA,0.33,NA,1.02,3.35,NA,NA,NA,NA,NA,NA
2006,0,0.01,0,0,0.52,31.06,2.64,6.25,0.06,0.88,0.04,0.27,0,1.58,0,0.05,1.3,4.66,34.47,57.2,1.73,0.97,0.19,0.27,0,0.54,0.01,0.17,0.02,2.57,15.79,8.16,3.29,4.48,0.15,0.14,0,0,0,0,0,7.13,13.81,36.24,7.07,1.65,1.11,0.22,0,0.01,0,0.01,0.01,1.18,0.71,6.46,22.03,3.63,5.93,0.01,0,0,0,0,0,0.34,0,0,0,0,0,0,0.27,NA,1.08,9.57,16.94,9.15,NA,NA,NA,NA,NA,NA
2007,0,0,0.08,0.06,0,5.42,0.39,0.55,0.57,0.12,0.07,0,0.12,0,0.15,1.67,2.91,29.42,38.93,1.19,2.68,0.27,0.03,0.04,0.14,0.09,0,0.33,1.2,9.14,52.98,3.09,5.25,NA,0,0.08,0.02,0.01,0.01,0.19,1.94,4.45,16.1,0.24,2.36,2.57,0,0.04,0.02,0,0,0,0.03,2.29,0.46,1.65,0.05,0.07,1.01,0,0,0,0,0,0,0.04,0.48,0.04,0,0,0,0,NA,NA,NA,NA,NA,NA,NA,NA,NA,NA,NA,NA
2008,1.66,5.01,9.3,5.73,0.2,0.07,0.21,0.06,0.05,0.44,1.03,0.79,0.93,1.85,5.89,16.78,33.87,63.59,14.2,10.17,0.03,1.77,0.95,2.89,1.53,1.1,3.78,6.2,168.96,71.88,170.17,35.25,3.39,3.23,0.94,2.17,0.06,0.03,0.42,8.44,36.34,7.47,5.53,10.64,0.32,0.32,0.07,1.84,0.02,0,0.37,5.67,27.39,12.56,21.53,12.21,19.25,0.11,2.51,5.32,0.01,0,0,0,0.03,5.44,0.34,0,0.03,0,0,0,NA,NA,NA,NA,NA,NA,NA,NA,NA,NA,NA,NA
2009,3.14,0.05,1.79,0.2,3.89,0.09,17.74,0.09,0.37,0.13,3.24,4.68,3.73,1.21,2.04,7.17,4.85,32.1,1.86,12.93,0.01,0.02,2.32,8.05,3.35,0.25,0.04,0.4,2.94,7.38,16.81,49.15,2.38,0.37,0.34,2.19,0.13,0.43,0,0.17,0.93,10.35,26.83,0.99,0.72,0.26,0.52,0.22,0.55,0.02,0,0.01,0,0,0.02,10.91,2.33,0.01,3.06,0.01,0,0,0,0,0,0,0,0,0,0,0,0,NA,NA,NA,NA,NA,NA,NA,NA,NA,NA,NA,NA
2010,5.11,0,0.01,0.07,12.96,19.12,7.76,0.79,0.98,0.49,0.81,2.86,10.15,0.01,0.56,7.56,91.7,204.2,78.53,12.79,0.91,1.12,1.97,4.43,3.85,0,0,5.06,0.04,40.94,123.78,38.93,0.63,1.01,0.71,2.82,0.87,0,0.01,0.01,0.01,26.16,48.95,26.14,0.17,1.9,0.99,1.07,0.5,0,0,0,0,0.11,43.67,0.05,15.85,0.12,9.8,1.06,0,0,0,0,0.01,0.26,0,0,0,0,0,0,NA,19.11,4.05,NA,NA,NA,NA,NA,NA,NA,NA,NA
2011,0.24,6.92,0.02,0.16,0,0.02,7.88,0.26,0.05,0.17,1.54,0.63,3.39,5.94,0.29,0.05,0.41,0.08,3.22,20.27,1.85,2.14,3.63,4.13,0.66,3.47,0.01,0,0,0.02,0,18.81,7.39,2.24,1.51,0.52,0,0.71,0,0,0,0.06,0,0.01,3.83,0.83,0,0.21,0,0.02,0,0,0,0.05,3.07,0,0,3.99,0.06,0.01,0,0,0,0,0,0.01,0.01,0,0,0,0,0,NA,NA,12.91,3.1,6.36,2.79,NA,NA,NA,NA,NA,NA
2012,4.24,2.14,0.14,0.04,1.54,2.26,1.51,0.09,0.08,1.02,1.03,2.34,4.25,2.29,4.16,0.79,6.07,168.14,73.21,33.94,23.03,0.61,0.88,3.05,6.02,1.04,0.67,0.07,11.22,68.66,126.11,3.47,0.29,1.69,1.67,3.64,2.46,0.96,1.79,0,0.11,5.18,32.23,12.64,2.62,0.01,15.74,0.63,0.3,0.02,0,0,0.09,30.04,0,0,71.1,NA,1.59,8.26,0,0.02,0.01,0.12,0,0.09,0,0,0,0,0,0,NA,NA,NA,NA,NA,NA,NA,NA,NA,NA,NA,NA
2013,0.07,0.27,0.48,0.18,0.86,0.35,0.44,0.38,0.23,0.04,0.58,0.14,0.87,3.66,0.73,4.62,24.36,43.06,29.46,35.19,5.65,0.2,0.03,6.42,1.88,3.06,15.61,116.27,30.98,33.32,60.19,26.23,11.05,1.01,9.39,0.14,0.78,0.36,0.64,99.34,11.42,12.73,0.71,22.16,8.13,0.2,0.27,0.18,0,0.02,0,4.53,6.65,49.28,0.1,0,0.75,21.09,17.6,0.02,0.01,0.03,0,0.02,0,0.03,0,0,0.01,0,0.02,0.02,NA,NA,NA,NA,NA,NA,NA,NA,NA,NA,NA,NA
2014,1.85,2.98,0.03,0.07,0.98,0,0,1.53,NA,0,0.65,1.2,1.42,3.66,4.32,2.2,27.22,1.21,5.95,23.9,1.87,0.82,0.78,1.01,1.55,1.02,1.1,4.48,40.93,9.23,58.1,54.46,44,2.63,1.91,1.86,1.1,0.5,0.44,9.71,23.74,33.1,11.68,41.73,20.15,1.56,1.64,2.33,6.55,0.84,0.04,0.04,11.51,12.36,17.56,69.42,1.77,1.08,0.04,1.22,0.02,0,0.03,0,0.02,0.05,0.03,0,0,1.07,0.05,0,NA,NA,NA,NA,NA,NA,NA,NA,NA,NA,NA,NA
2015,0.95,0.37,0.3,0,0.07,0,0.13,12.13,0.02,0,0.18,0.26,0.12,2.02,2.45,1.2,53.29,9.04,23.9,NA,0.06,0.87,0.47,0.97,1.83,0.13,15.35,53.49,65.52,46.69,35.37,NA,0.62,0.41,1.48,2.63,3.84,0.34,20.5,25.86,138.41,7.43,7.18,NA,0.33,0.82,0.19,0.74,0.2,0,0.2,75.36,33.94,11.3,26.98,NA,11.05,97.9,0.91,0.03,0.01,0,0,0.03,2.43,1.44,0.22,NA,0.22,0.06,0.04,0.02,NA,NA,NA,NA,NA,NA,NA,NA,NA,NA,NA,2.19
2016,0.23,0,0.91,1.53,0.02,0.02,0,0.17,0.5,0,0.19,0.07,0.79,7.47,1.91,40.09,75.85,132.02,158.79,77.86,13.92,0.14,0.45,0.88,0.61,0,3.5,32.48,100.61,75.02,47.84,72.22,3.42,1.55,1.32,1.26,0.77,0,10.68,0.16,60.03,74.3,43.01,120.66,6.79,0.16,0.34,0.39,18.3,0,0.08,0,0.25,53.36,14.7,0.12,19.49,8,5.38,1.37,0,0,0,0,0,0.05,0.02,0,0.11,0.03,0,0,NA,NA,NA,NA,NA,NA,NA,NA,NA,NA,NA,NA
2017,0.06,0,0,0.35,0.14,193.2,3.78,0.38,1.91,0.32,0.02,0.11,0.1,0,0.02,0.07,1.5,32.35,377.52,9.51,13.23,62.02,2.18,1.64,0.02,0,0.05,0,0.07,5.98,417.04,21.19,10.4,5.2,1.73,3.47,0,0,0.02,0.05,0,0.01,141.58,14.8,1.66,11.95,2.14,6.9,0.02,0.02,0.02,0.02,0.02,0.12,7.96,69.53,0,9.12,119.61,5.65,0,0,0.04,0.02,0,0.23,0,0,0,0.02,0.02,0.02,6.07,NA,22.21,18.22,58.23,NA,NA,NA,NA,NA,NA,NA
2018,0.07,0,0.15,0.01,0.02,0.2,1.12,0,0.04,0.1,0.11,0.12,0.61,0.24,0.69,0.01,44.8,40.27,40.64,20.81,3.36,10.4,2.65,0.51,2.16,0.74,1.73,0,30.64,NA,183.05,46.29,100.57,2.16,4.88,0.57,1.88,0.03,2.02,0,0.46,10.5,31.64,19.23,14.4,13.21,11.39,6.28,12.63,0,0,0,0,0.01,53.26,30.01,4.69,0,1.16,0.78,0,0,0,0,0.04,0.01,0,NA,0,0,0,0.03,NA,NA,NA,2.08,NA,NA,NA,NA,NA,NA,NA,NA
2019,0,0.02,0.02,0,0,0.27,0.51,0.28,6.32,0.06,0.09,0.02,0.26,0,0,0,1.08,2.74,71.83,64.82,13.45,8.05,0.06,0.27,0.86,0,0.04,0.03,0.07,0.06,20.5,0.9,8.5,2.91,0.03,0.2,0.06,0,0,0,0.07,0,15.18,0.15,8.49,4.74,1.03,1.06,0,0,0,0,0,0.01,1.06,0,0.02,15.85,0.08,2.34,0,0,0,0,0,0,0.02,0,0.05,0,0,0,NA,2.28,0.9,1.08,3.98,NA,NA,NA,NA,NA,NA,NA
2020,0.16,0.09,0.2,NA,NA,0.02,0.02,0.16,0.13,0.12,0.05,0.35,1.84,1.27,0.39,NA,NA,53.1,2.12,18.63,8.15,14.41,0.53,0.53,0.51,1.08,2.96,NA,NA,28.62,41.91,10.01,14.28,1.87,0.94,0.7,0.18,1.14,2.54,NA,NA,47.25,0.73,1.73,NA,NA,3.19,4.03,0,0.13,0,NA,NA,0.01,0,2.66,6.16,0,0.01,1.02,0,0.01,0,NA,NA,0,0,0,0.22,0.02,0,0,NA,NA,NA,NA,NA,NA,NA,NA,NA,NA,NA,NA
2021,NA,NA,NA,NA,NA,NA,NA,NA,NA,0,0.18,NA,NA,NA,NA,NA,NA,NA,NA,NA,NA,1.41,0.37,NA,NA,NA,NA,NA,NA,NA,NA,NA,NA,0.53,3.97,NA,NA,NA,NA,NA,NA,NA,NA,NA,NA,0.16,1.48,NA,NA,NA,NA,NA,NA,NA,NA,NA,NA,0.16,12.83,NA,NA,NA,NA,NA,NA,NA,NA,NA,NA,0.02,0,NA,NA,NA,NA,NA,NA,NA,NA,NA,NA,NA,NA,NA
