WY,octmaxout,octmeanout,octmedout,octminout,novmaxout,novmeanout,novmedout,novminout,decmaxout,decmeanout,decmedout,decminout,janmaxout,janmeanout,janmedout,janminout,febmaxout,febmeanout,febmedout,febminout,marmaxout,marmeanout,marmedout,marminout,aprmaxout,aprmeanout,aprmedout,aprminout,maymaxout,maymeanout,maymedout,mayminout,junmaxout,junmeanout,junmedout,junminout,julmaxout,julmeanout,julmedout,julminout,augmaxout,augmeanout,augmedout,augminout,sepmaxout,sepmeanout,sepmedout,sepminout,SAC_min,SAC_max,SAC_mean,SAC_median,YOLO_min,YOLO_max,YOLO_mean,YOLO_median,CSMR_min,CSMR_max,CSMR_mean,CSMR_median,MOKE_min,MOKE_max,MOKE_mean,MOKE_median,MISC_min,MISC_max,MISC_mean,MISC_median,SJR_min,SJR_max,SJR_mean,SJR_median,EAST_min,EAST_max,EAST_mean,EAST_median,TOT_min,TOT_max,TOT_mean,TOT_median,CCC_min,CCC_max,CCC_mean,CCC_median,SWP_min,SWP_max,SWP_mean,SWP_median,CVP_min,CVP_max,CVP_mean,CVP_median,NBAQ_min,NBAQ_max,NBAQ_mean,NBAQ_median,EXPORT_min,EXPORT_max,EXPORT_mean,EXPORT_median,GCD_min,GCD_max,GCD_mean,GCD_median,PREC_min,PREC_max,PREC_mean,PREC_median,MISDV_min,MISDV_max,MISDV_mean,MISDV_median,CD_min,CD_max,CD_mean,CD_median,XGEO_min,XGEO_max,XGEO_mean,XGEO_median,WEST_min,WEST_max,WEST_mean,WEST_median,RIO_min,RIO_max,RIO_mean,RIO_median,OUT_min,OUT_max,OUT_mean,OUT_median,EXPIN_min,EXPIN_max,EXPIN_mean,EXPIN_median,DIVE_min,DIVE_max,DIVE_mean,DIVE_median,EFFECT_min,EFFECT_max,EFFECT_mean,EFFECT_median,EFFD_min,EFFD_max,EFFD_mean,EFFD_median,X2_min,X2_max,X2_mean,X2_median,spawn_days_over_20k,spawn_days_over_30k,peak_spawn_days_over_20k,peak_spawn_days_over_30k,Dec_days_over_30k,Jan_days_over_30k,Feb_days_over_30k,Mar_days_over_30k,Apr_days_over_30k,May_days_over_30k
1956,7339,5956.967742,6178,4793,19515,10676.2,10477.5,6489,409273,125021.5484,31652,15448,295158,188311.4839,186338,134811,172276,98144.51724,88146,52755,122071,63542.09677,53410,43885,49147,40217.46667,39437.5,32970,76809,59667.3871,62436,38722,62232,35497.56667,30107,17178,20748,8794.645161,7833,5661,7982,7029.741935,7069,5712,17179,12055.63333,12468.5,7715,7330,90200,30873.82514,21650,4,249600,13632.89344,87.5,0,35600,1054.497268,278.5,25,14200,1306.510929,1080,0,5203,902.5983607,82,615,47400,8679.019126,4155,743,69332,11942.62568,6525,8291,383322,56449.34426,33292,26,128,61.24590164,55.5,0,0,0,0,0,3385,999.9398907,491,0,0,0,0,26,3468,1061.185792,550,850,4400,2331.557377,2000,0,28843,1609.07377,0,0,0,0,0,-26793,4400,722.4836066,1700,2292,12825,5504.557377,4972.5,-1987,99003,15916.47541,10667.5,2611,334251,38799.87705,18117.5,4793,409273,54665.67486,30800,0,0.25,0.062896175,0.02,-35,58,15.11748634,6,7399,385133,50647.20765,27388.5,-37,52,4.117486339,-4,NA,NA,NA,NA,172,169,60,60,17,31,29,31,30,31
1957,19736,12733.54839,11946,11236,22112,16190.7,15701,13592,16429,13925.32258,13850,12443,24989,15718.64516,16029,11011,115684,24489.60714,11942.5,9179,130506,63622.03226,57349,23499,32763,20479.83333,19116,11798,80796,32732.09677,19096,11652,32850,15580.73333,11996,2904,3060,2427.193548,2645,1446,5545,3708.064516,3788,2161,14798,9012.8,9359,5883,8730,83200,18216.08219,12700,2,39583,1065.742466,25,0,7220,323.8821918,59,60,4130,492.0931507,371,0,1024,129.690411,32,555,9260,1992.331507,1830,644,13284,2937.99726,2400,9619,127125,22219.82192,15540,33,140,74.10958904,64,0,0,0,0,0,4418,1631.824658,1728,0,0,0,0,38,4467,1705.934247,1827,850,4400,2335.342466,2000,0,13249,1039.276712,0,0,0,0,0,-11349,4400,1296.065753,1850,2108,11894,4734.369863,4838,-1118,27063,5124.115068,4253,2872,105399,14184.59178,9365,1446,130506,19217.82192,13565,0,0.38,0.108383562,0.07,-38,85,22.93150685,15,8875,124719,20719.16164,13835,-41,84,16.11232877,6,NA,NA,NA,NA,69,47,11,5,0,0,5,25,4,13
1958,33474,19506.67742,18188,12640,33079,19732.26667,18280,15809,49984,26825.83871,19300,14633,98412,44482.16129,38069,27954,283836,184221.1429,177407,99310,213179,111577.2903,107126,60340,280134,153782.2333,128606,80410,103531,78858.96774,76519,64736,76810,50529.16667,49898,24723,22410,12009.03226,10356,7849,12072,9224.419355,8725,6861,17202,14392.53333,14208.5,10873,12200,88800,35750.9589,27700,7,174510,13210.27671,418,0,25800,1103.389041,126,183,4760,1111.041096,475,0,5497,1053.90411,101,1410,40900,8365.534247,2700,1723,65557,11633.86849,3650,14336,278826,60595.10411,32548,27,121,66.1260274,59,0,0,0,0,0,3613,915.9369863,509,0,0,0,0,27,3713,982.0630137,585,850,4400,2335.342466,2000,0,24066,2142.284932,0,0,0,0,0,-22316,4400,193.0575342,1866,2637,28108,7982.857534,6279,1586,102420,18509.30411,9219,5484,250123,40924.30959,23593,6861,283836,59419.98356,32988,0,0.24,0.04630137,0.01,-27,52,10.32876712,5,12656,274556,55080.18904,30623,-30,46,0.008219178,-4,NA,NA,NA,NA,166,160,59,56,12,28,28,31,30,31
1959,15352,13051.3871,12882,11186,15493,14722.93333,15050.5,13711,17862,14437.16129,14790,11844,58414,32889.74194,31915,11753,130420,58739.17857,40008,21724,57059,27659.41935,23230,18664,19652,11640.4,11185.5,4447,9934,7303.387097,7707,4435,3598,1322.433333,1228,302,5298,2560.935484,2340,1326,6787,5194.064516,5000,4063,29324,9925.066667,6383,4702,7140,67300,16541.12329,12600,0,46902,816.9616438,20,0,3420,160.1890411,30,23,741,174.9616438,106,0,1404,154.6876712,34,206,5560,1717.717808,1150,236,10447,2207.556164,1752,7690,122938,19565.6411,14761,43,192,94.77534247,89,0,0,0,0,0,4095,1851.821918,1957,0,0,0,0,49,4247,1946.59726,2050,850,4400,2335.342466,2000,0,16189,1069.726027,0,0,0,0,0,-13839,4400,1265.616438,1900,2318,9779,5488.610959,5488,-1832,24843,4927.010959,5333,1886,106651,11515.09863,6375,302,130420,16353.4274,12233,0,0.45,0.149260274,0.11,-93,96,29.47945205,18,7214,120986,18355.17534,13408,-75,96,23.79726027,11,NA,NA,NA,NA,78,49,53,40,0,18,22,9,0,0
1960,6417,5683.129032,5734,4799,6867,6016.333333,5859.5,5528,13051,6937.83871,5996,5271,26122,14230.74194,12317,6917,148367,49316.13793,37469,16464,66146,33273.19355,28463,12833,30643,16877.9,18313,7674,20260,12407.29032,12173,9325,9350,3847.2,2470,1377,3431,2244.451613,2055,900,4485,2730.83871,2493,2045,6674,5500.1,5329.5,4517,6260,69100,14819.5082,10100,1,67482,791.8360656,30,0,6600,191.0300546,0,15,661,62.21311475,30,0,712,88.02459016,16,143,3100,757.4781421,617.5,178,9060,1098.745902,1011,7564,142860,16710.09016,10622,49,199,104.8333333,88,0,0,0,0,68,4154,1914.311475,1790,0,0,0,0,136,4332,2019.144809,1922.5,850,4400,2331.557377,2000,0,11785,755.7650273,0,0,0,0,0,-10885,4400,1575.79235,1850,3924,11671,5755.803279,5020,-2119,23023,3811.229508,3387,1848,128149,9414.322404,4177.5,900,148367,13115.15301,6297,0,0.43,0.155191257,0.11,-70,91,33.18032787,31,6474,142325,16104.55464,10274.5,-65,90,29.21311475,22,NA,NA,NA,NA,68,31,28,17,0,0,17,13,1,0
1961,6047,5012.741935,5031,3793,26497,13543.06667,12469.5,6265,38067,19090,16553,12080,34789,15579.67742,13091,10150,58855,41997.28571,43622.5,23782,42537,28425.16129,28540,19616,24940,13397.33333,11792,4705,11823,8579.83871,8420,5725,9927,3541.3,1788,347,2468,1672.225806,1552,856,5393,4006.83871,4047,2124,8121,5650.933333,5474.5,4321,6780,49500,15740.43836,11900,2,3912,223.1315068,19,0,606,60.07945205,15,12,707,75.21917808,31,0,36,5.479452055,0,30,1590,603.8876712,394,47,2487,744.6657534,563,7714,52585,16708.23562,12523,48,210,108.1315068,117,0,0,0,0,0,4934,2056.035616,2019,0,0,0,0,48,5139,2164.167123,2158,850,4400,2335.342466,2000,0,18236,978.2986301,0,0,0,0,0,-17286,4400,1357.043836,1850,2531,12843,5915.671233,5400,-2810,19092,3614.178082,2818,2217,43910,9667.936986,5823,347,58855,13187.02466,9112,0,0.48,0.169150685,0.16,-105,96,31.39452055,31,6819,51880,16263.28767,12075,-87,96,29.03561644,27,NA,NA,NA,NA,79,44,34,25,4,2,23,15,0,0
1962,5574,4259.677419,4484,2768,17094,8251.3,5720.5,5234,42377,16139.77419,11617,8510,28555,11132.3871,8698,6766,170651,74766.14286,71454.5,11399,80546,47503.25806,44325,28813,32411,27384.86667,28908,21045,24790,18173.22581,18228,13193,16705,10317.13333,10419.5,3435,3888,2795.032258,2675,2406,7047,5027.645161,5006,2895,9868,8515.166667,8478,6953,6660,70100,17929.31507,12000,1,70423,1453.057534,41,0,7520,309.8,5,20,2290,302.3780822,232,0,2826,301.0109589,17,291,12500,2054.016438,896,324,18713,2967.205479,1114,7068,157492,22349.57808,13135,42,175,98.99178082,94,0,0,0,0,0,4434,1873.912329,1842,0,0,0,0,46,4583,1972.90411,1970,850,4400,2335.342466,2000,0,21834,1091.454795,0,0,0,0,0,-20984,4400,1243.887671,1900,2318,11905,6148.657534,5400,-2918,37255,6334.528767,4560,2075,134005,12885.45753,5876,2406,170651,19132.7863,9646,0,0.39,0.129726027,0.11,-53,79,26.75342466,25,6686,154356,20796.14247,12305,-46,77,21.33972603,17,NA,NA,NA,NA,105,59,24,20,4,0,20,27,8,0
1963,240493,42900,21523,6177,23050,16350.93333,15487.5,14366,66244,35012.70968,32180,18952,55965,20994.64516,19700,14490,381101,103172.7143,78190,38009,81175,29179.74194,23291,15177,160248,102776.1667,109300.5,48431,67701,53123.51613,52222,44222,44829,19179.83333,17111,7699,9145,5638.935484,5538,3100,7229,5037.870968,5074,3003,18181,13479.56667,14560.5,7801,8720,94400,28020.08219,18800,9,230107,5575.723288,88,0,17300,633.2712329,79,28,5230,777.1479452,271,0,1962,397.7013699,81,1000,13100,3884.849315,2090,1088,26352,5692.969863,2736,10159,350859,39288.77534,23495,43,192,86.50136986,58,0,0,0,0,0,4382,1855.805479,1670,0,0,0,0,45,4564,1942.306849,1780,850,4400,2335.342466,2000,0,31696,1676.383562,0,0,0,0,0,-30796,4400,658.9589041,1700,3289,13384,6702.482192,6631,-907,59199,10024.9589,7569,3540,319746,26708.80822,11209,3003,381101,36687.50959,19829,0,0.37,0.095917808,0.05,-23,74,18.76986301,11,9019,352989,36610.36164,20393,-21,71,11.56986301,3,NA,NA,NA,NA,154,116,43,29,18,1,28,8,30,31
1964,23155,14978.25806,13704,10350,46025,27944.96667,26937,13425,28107,22824.90323,21919,21088,70873,29970.09677,20512,17103,29727,20914.51724,20465,15222,18190,13072.6129,12526,10282,18346,9186.6,7385.5,4821,11998,9783.580645,9697,6843,13743,5302.433333,4497,1344,4275,3184.709677,3313,1413,9468,4703.548387,4187,2909,12117,9441.6,9563,7285,9030,52200,16017.56831,13900,0,3221,92.08743169,28,0,4860,186.2486339,100,10,680,123.6721311,52,32,455,111.4918033,75.5,236,3980,1549.002732,898,300,8489,1970.415301,1263,9865,62010,18080.07104,15701.5,39,196,113.0655738,103.5,0,0,0,0,104,4792,2268.909836,2271,0,0,0,0,144,4974,2381.97541,2343,850,4400,2331.557377,2000,0,13087,887.1174863,0,0,0,0,0,-11337,4400,1444.439891,1900,2850,8213,5570.202186,5723,-2006,22349,4219.833333,4239,3347,49925,10134.99454,7309,1344,70873,14253.65574,11853,0,0.42,0.163469945,0.145,-30,86,29.13387978,24,9398,61411,16922.46175,14514.5,-33,86,23.96174863,18,NA,NA,NA,NA,67,11,36,11,0,11,0,0,0,0
1965,20796,8117.612903,6601,5989,34746,17243.36667,13690.5,10209,481781,108446.7742,19389,14771,270056,135616.2903,111198,84175,81460,56241.42857,55045.5,35077,35298,27859.64516,29373,20032,89427,56911.56667,60177.5,26213,51932,32369.93548,30744,21653,22388,16189.76667,18313.5,8837,8882,5864.806452,5209,4279,12986,8467.483871,8907,5427,14847,12916.63333,13615,9007,8640,98800,27526.30137,17200,0,343265,8689.879452,53,0,21500,917.169863,280,23,2880,792.5178082,428,65,2607,566.6328767,130,955,22700,5242.027397,3420,1094,34055,7518.347945,5293,9948,470122,43734.52877,23442,46,192,99.63835616,101,0,0,0,0,0,4436,2032.673973,1952,0,0,0,0,47,4598,2132.312329,2067,850,4400,2335.342466,2000,0,15073,1285.506849,0,0,0,0,0,-13023,4400,1049.835616,1800,3648,13969,6773.106849,6221,-609,52584,11476.86575,8816,3502,431201,29149.10959,9212,4279,481781,40552.38082,20219,0,0.34,0.104712329,0.08,-77,68,19.03561644,14,8757,462778,40077.54247,20918,-73,65,9.783561644,3,NA,NA,NA,NA,165,125,59,59,11,31,28,9,26,20
1966,16082,15091.09677,14916,13869,44827,27350.33333,30581.5,15506,47660,30136.41935,29128,24667,63024,43464.12903,41022,29859,56705,36437.21429,30540,22986,29209,24328.45161,24394,17949,30148,18946.1,20101.5,8412,18495,9834.741935,8866,3777,3693,2460.2,2506,937,4988,3154.612903,2982,1697,6946,4845.548387,4604,3489,7724,6904.6,6874.5,6140,8120,53600,18485.23288,14600,0,9533,509.2054795,37,0,2130,222.2712329,87,17,2080,485.6356164,205,49,536,169.7178082,81,323,9690,2343.079452,1170,394,10949,3220.70411,2155,8632,64384,22215.14247,18931,40,218,116.5863014,102,0,0,0,0,0,4927,2208.928767,2347,0,0,0,0,46,5117,2325.515068,2508,850,4400,2335.342466,2000,0,15569,929.5068493,0,0,0,0,0,-13869,4400,1405.835616,1950,3316,10850,5674.920548,5488,-1892,23439,5656.419178,5314,2604,49364,12925.90137,7739,937,63024,18483.79178,15534,0,0.45,0.154191781,0.1,-44,89,28.70684932,18,8195,60712,20557.32877,16720,-48,89,22.6109589,11,NA,NA,NA,NA,132,57,59,45,11,30,15,0,1,0
1967,7582,6609.709677,6632,5885,46030,21504.8,19053.5,8391,129200,60455.54839,46395,27569,239233,62521.90323,24837,18603,246831,84142.17857,59782,33104,126352,56325.16129,52077,22195,95562,77684.86667,77077,54123,86956,74550.3871,72925,63497,78887,61264.83333,60154,48341,47333,23864.09677,18196,9337,12403,9826.83871,9390,8415,18896,16555.93333,16852,13203,8610,90700,33377.83562,28200,1,132590,4930.70137,372,0,14300,890.0082192,325,16,2870,627.6493151,187,67,3450,862.0684932,218,780,25900,7680.816438,4240,894,33370,10060.54247,5707,9882,237831,48369.07945,35755,49,153,98.97808219,93,0,0,0,0,68,4552,1737.726027,1426,0,0,0,0,149,4684,1836.70411,1507,850,4400,2335.342466,2000,0,25928,1789.424658,0,0,0,0,0,-24928,4400,545.9178082,1800,2903,12892,6815.339726,6774,1736,40183,14684.48493,10127,3523,212509,31340.32877,23008,5885,246831,45986.45753,34237,0,0.26,0.07090411,0.03,-43,51,12.5890411,8,8742,233995,43218.83836,32229,-39,43,1.775342466,-3,NA,NA,NA,NA,174,149,51,39,27,11,28,22,30,31
1968,18619,16718.70968,16736,13836,19205,16201.73333,16154.5,12182,26816,20498.29032,21183,16280,58459,24256.83871,19893,14954,90062,52060.86207,44579,25070,82365,40314.19355,38827,18515,22190,9931.633333,7473,3910,9618,6737.16129,6753,2544,5913,3665.733333,3478,2137,4508,3683.516129,3559,3140,8364,5264.032258,5034,3288,9438,6004.333333,5713.5,1940,9780,66600,18441.47541,14500,0,19055,880.273224,30,0,4310,211.0464481,53,29,1660,233.6256831,77.5,49,1251,260.2595628,114,453,4120,1967.931694,2120,556,8031,2672.863388,3005.5,10640,92407,21994.61202,17609.5,25,245,132.7076503,107,0,2425,656.1721311,293.5,0,4930,2750.836066,3240,0,0,0,0,138,7321,3539.715847,4145,850,4400,2331.557377,2000,0,14266,886.284153,0,0,0,0,0,-13366,4400,1445.273224,1900,3036,9686,6180.494536,5986,-2858,17893,4374.23224,3386,3974,75733,12736.52732,7703.5,1940,90062,17009.62568,14657.5,0,0.57,0.211748634,0.16,-26,84,34.06010929,24,9990,89799,20460.2541,15447,-26,83,28.10928962,14.5,NA,NA,NA,NA,92,50,44,28,0,7,21,22,0,0
1969,9080,5452.677419,5572,2508,16026,11120.36667,10492,7029,49678,25682,22801,9900,286437,123139.6452,98274,21528,216204,159046.2857,159022.5,112922,171534,93506,77318,63140,86671,69374.73333,66561,60310,81817,64563.77419,68708,46484,67122,46595.9,48611,22274,20509,13142.64516,12932,8934,18076,12457.74194,11585,9156,22711,20187.93333,20346,18102,10300,95200,32059.72603,21800,0,134770,8464.175342,89,0,18300,1037.671233,193,38,4640,1101.980822,577,50,5480,1123.712329,114,1010,47600,13915.36986,5910,1116,61940,17178.73425,8917,11543,283710,57702.63562,31288,45,209,107.8821918,109,0,3124,1425.490411,1112,145,4940,2547.246575,2610,0,0,0,0,190,7675,4080.619178,3895,850,4400,2335.342466,2000,0,14452,1721.383562,0,-280,22688,0,-80,-12755,11580,613.9589041,1620,3236,13490,7078.216438,6543,-2141,73991,19777.29315,10116,4667,216843,33273.76986,13819,2508,286437,53008.06301,27925,0,0.6,0.145041096,0.09,-36,78,19.58630137,12,10423,257923,48292.97808,26577,-47,76,2.528767123,-5,NA,NA,NA,NA,168,153,59,50,11,22,28,31,30,31
1970,27650,19483.77419,20642,14588,25982,19964.16667,19116,17063,119268,46189.90323,26348,15933,395113,193121.4194,192340,43776,219460,111326.25,104258,62924,83768,55985.77419,63503,21984,20065,11027,10632,6780,13869,10761.06452,11414,5949,9813,6214.466667,5957,3894,7075,5256.483871,5317,3616,12622,7947.419355,7840,5059,17179,14586.56667,14360,11967,10100,93800,27888.21918,16800,3,255600,11689.68219,43,0,14100,684.7205479,92,0,4690,692.5643836,296,0,3821,571.7068493,114,99,24000,4119.841096,3200,327,40001,6068.832877,3761,12580,383921,45646.73425,20589,4,236,130.2575342,114,0,3421,574.3178082,485,0,4600,2283.484932,2090,0,0,0,0,402,7659,2988.060274,2775,850,4400,2335.342466,2000,0,16622,1243.849315,0,0,0,0,0,-15522,4400,1091.493151,1900,3063,13304,7171.758904,6719,-1360,60580,9543.090411,5332,4204,339099,32100.51781,9265,3616,395113,41567.18356,16309,0,0.44,0.152219178,0.12,-23,73,25.87123288,24,10419,372122,42709.78356,18206,-25,70,18.28767123,13,NA,NA,NA,NA,119,97,59,59,14,31,28,24,0,0
1971,18208,13423.41935,12710,11111,74457,26116.56667,22941,13194,122532,85368.93548,79598,60544,107565,64189.77419,59558,38347,56664,34195.60714,32155,19429,73118,32048.96774,26801,13782,64337,36972.3,37473.5,19637,31905,26405.83871,27042,19475,31058,21217.86667,19755,15401,17361,11654.06452,11232,8097,17794,12987.87097,13593,6378,22085,19659.6,20069,16746,14200,73200,31589.86301,25800,1,32983,1827.805479,92,0,7040,479.0630137,313,27,1440,463.4547945,400,49,1675,305.2410959,118,734,6630,2451.671233,1860,831,12425,3699.430137,2745,16222,118608,37117.09863,28323,54,198,104.260274,86,0,4480,1266.016438,1135,0,4750,2648.780822,3030,0,0,0,0,604,8819,4019.057534,4057,850,4400,2335.342466,2000,0,21710,1305.550685,0,0,0,0,0,-19710,4400,1029.791781,1704,3435,12169,7688.079452,7950,-3154,30368,6699.060274,5356,7474,97167,25441.23836,16220,6378,122532,32068.25205,22062,0.01,0.45,0.139863014,0.12,-48,67,19.40821918,18,14692,117071,35188.43836,26638,-42,66,14.58630137,13,NA,NA,NA,NA,166,119,58,50,31,31,19,12,22,4
1972,16564,13957.41935,14480,9906,16772,13742.6,13755.5,11000,46323,23967.19355,19282,16630,28597,21338.77419,20204,16913,30703,21968.06897,23193,13631,27369,18127.29032,19481,7318,15957,7542.033333,6604,2639,9300,5140.129032,4986,2704,11098,2891.2,3933,-37433,9930,6210.612903,5680,4228,7867,6487,6519,4919,18049,10476.06667,9989,7140,9800,32200,17246.99454,16000,0,432,40.5,12,0,2960,223.2650273,74.5,11,1340,163.2513661,57,0,406,114.1994536,65,403,3860,1534.814208,1405,479,6633,2035.530055,1930,11233,36664,19323.02459,17504,53,255,143.2677596,149,0,5492,1502.923497,1495,0,4490,3231.131148,3665,0,0,0,0,78,9783,4877.322404,5015,850,4400,2331.557377,2000,0,14452,601.226776,0,-1035,41410,68.62295082,0,-12452,45510,1798.953552,1750,4021,11202,6854.625683,6690,-43478,23095,2819.491803,1965.5,4284,28733,9948.357923,8598,-37433,46323,12646.7541,11221.5,0,0.67,0.274125683,0.26,-29,364,40.05737705,36,10448,36084,17938.69399,16333,-28,375,34.94262295,32,NA,NA,NA,NA,61,9,34,1,8,0,1,0,0,0
1973,16421,11935.22581,11499,8441,50126,25943.5,24321.5,11089,50647,27133.16129,22190,15760,232773,101685.5806,92790,28900,150817,102165.0714,96507,69925,125297,76907,66320,38885,36576,22191.33333,22338.5,11769,17364,11698.77419,11577,5387,15266,7211.6,5789,3992,6178,4598.967742,4400,2263,8573,5963.096774,5712,4775,15416,11153.46667,10913,7628,12600,92700,28516.43836,18300,6,112559,5300.063014,75,0,11400,704.6410959,113,46,1990,465.4712329,313,49,4086,770.6027397,101,950,12900,3277.805479,2420,1234,21016,5218.520548,2952,15232,222801,39035.02192,20916,48,253,128.2547945,96,0,5476,2107.128767,2351,0,4740,2562.915068,3290,0,0,0,0,72,10366,4798.29863,4788,850,4400,2335.342466,2000,0,18857,1709.315068,0,-798,0,-69.28219178,0,-17455,4400,556.7452055,1650,2691,13158,7106.309589,6865,-6343,35738,7188.868493,3951,6188,196048,26534.90685,10787,2263,232773,33679.9863,14772,0,0.6,0.225972603,0.24,-55,87,30.08493151,28,13762,220775,36579.69315,19125,-48,86,24.09315068,20,NA,NA,NA,NA,130,99,59,54,10,26,28,31,4,0
1974,20677,14070.83871,13367,8522,121091,59945.2,68406.5,11620,117712,76406.3871,71277,50501,274491,138699.129,113424,77133,105067,59178.32143,46890,39956,123249,77575.41935,72236,44198,260428,109547.4667,83023,34830,35840,25544.45161,26648,16905,25999,16943.33333,16977,5309,18167,9365.677419,8769,4834,18916,12783.70968,12321,8579,24130,20981.03333,21275.5,15340,15200,94200,42344.10959,29700,3,165350,10465.37808,113,0,7120,810.230137,473,164,3270,851.0356164,576,49,1642,489.7671233,134,1260,9700,3825.972603,3460,1690,16542,5977.005479,5352,18455,276092,58786.49315,37258,36,223,109.7013699,91,0,7488,2652.723288,2114,852,4640,3375.594521,3660,0,0,0,0,911,12105,6138.019178,5687,850,4400,2335.342466,2000,0,9490,1378.136986,0,0,0,0,0,-7840,4400,957.2054795,1700,3701,13357,8949.282192,9274,-7767,29408,8166.076712,7174,8162,246545,43592.1589,19078,4834,274491,51691.28219,26915,0,0.54,0.184520548,0.15,-11,76,23.21917808,17,15518,270892,55557.76712,32186,-25,74,17.19178082,8,NA,NA,NA,NA,178,155,59,59,31,31,28,31,30,4
1975,27000,18529.3871,17971,15333,30835,23991.26667,23950.5,17182,51882,28017.70968,25331,17265,28475,17489.22581,16759,12276,100709,57330.35714,53080,17868,127625,66834.12903,64771,24953,67833,34519.26667,30143,21329,36449,28795.80645,27310,23906,32258,22508.16667,24811,10915,13780,11129.09677,11674,8179,15034,9523.354839,9208,5840,16038,13419.26667,13030.5,10911,15600,73800,27447.12329,21900,2,36228,1299.846575,28,0,6340,497.8739726,93,33,1600,501.4438356,474,49,3171,548.1506849,134,1340,8820,3887.890411,3670,1851,17336,5435.358904,4585,17893,127364,34182.32877,26346,53,234,109.3232877,94,0,6414,2140.441096,1961,0,4792,3244.043836,3967,0,0,0,0,63,10672,5493.808219,5248,850,4400,2335.342466,2000,0,13336,1121.520548,0,0,0,0,0,-12486,4400,1213.821918,1890,3981,12315,8297.208219,8067,-3733,26587,7449.789041,7215,7728,100707,20109.88767,12812,5840,127625,27474.70959,22130,0,0.52,0.188027397,0.17,-20,71,25.27671233,24,16050,123568,30909.2274,22913,-29,69,16.45753425,11,NA,NA,NA,NA,150,86,34,27,10,0,27,24,15,10
1976,25490,16900.93548,15924,11948,22499,17921.13333,17439,11771,26024,19953.87097,20884,13600,15261,9309.806452,9206,3877,10957,7471.310345,7436,4413,25253,7788.193548,4885,3558,23715,8728.933333,6268.5,3460,4892,3937.483871,3882,3141,4476,3775.133333,3753,2914,5026,4185.709677,4009,3649,7333,4393.548387,4073,2456,10201,3582.966667,2862.5,2260,9840,30600,15181.88525,13050,0,262,20.10382514,9,0,303,45.32240437,41.5,7,1680,173.0546448,21,4,1160,65.63661202,33.5,587,5710,2110.374317,1495,619,7301,2394.387978,1827,10565,34593,17596.37705,14645.5,21,251,152.9071038,168,0,6331,2586.363388,3189.5,1700,4740,4144.128415,4455,0,0,0,0,2735,11037,6883.398907,7221,850,4400,2331.557377,2000,0,9181,628.0491803,0,0,0,0,0,-7331,4400,1703.508197,1900,4973,11055,6537.857923,5913.5,-4577,10731,941.5628415,27,3705,18991,8187.131148,6646,2260,26024,9009.478142,5141,0.18,0.64,0.405136612,0.39,-14,85,54.03005464,60,9883,31013,15495.4153,13220,-14,84,47.55737705,57,NA,NA,NA,NA,22,0,0,0,0,0,0,0,0,0
1977,10982,3611.483871,3555,2066,7034,3643.433333,3059,2143,10035,4213.064516,3747,2774,14201,4362.612903,3168,333,10355,4878.25,4582,1206,7866,3007.258065,2476,1268,4052,2977.033333,3096.5,1667,9689,3909.354839,3337,1221,3335,2383.166667,2274,1498,4155,3049.193548,3166,1591,3901,2382.612903,2689,676,4969,2717.266667,2496.5,1406,5200,13700,7608.30137,7600,0,42,1.810958904,1,0,76,1.150684932,0,3,366,21.81369863,11,4,220,18.35616438,9,56,1940,575.2931507,425,71,1966,616.6136986,468,5384,14908,8226.726027,8246,85,220,136.4356164,132,-330,5619,1169.342466,900,169,4060,1769.021918,1670,0,0,0,0,344,9669,3074.8,2835,850,4400,2335.342466,2000,0,9243,613.2712329,0,0,110,8.435616438,0,-7643,4400,1730.506849,1900,3257,6104,4308.821918,4308,-4104,5906,722.8575342,712,1053,8169,2819.090411,2603,333,14201,3421.427397,3029,0.03,0.87,0.338246575,0.34,-18,97,58.75890411,62,5222,13828,7654.6,7620,-29,97,55.78356164,60,NA,NA,NA,NA,0,0,0,0,0,0,0,0,0,0
1978,3549,2045.903226,1937,1174,9283,4003.433333,3348.5,644,24260,8569.870968,8294,703,177545,66157.03226,49457,3107,120846,56158.57143,51632,13485,151260,85618.6129,77525,20413,69838,61170.13333,63305.5,44148,63349,40758.87097,35638,22532,19288,8945.4,7136,3597,4743,3853.612903,4138,970,8571,5813.935484,5751,3936,13752,11717.96667,12779.5,5828,3970,79300,24362.32877,16600,0,85024,3927.967123,11,0,8780,701.8931507,161,0,1350,296.3616438,85,2,10323,575.1150685,97,218,26200,6186.512329,2540,232,30411,7759.882192,3784,4226,174450,36050.17808,20610,26,211,106.830137,108,0,6939,2899.980822,2697,62,4750,3126.961644,3900,0,0,0,0,214,11492,6133.772603,6488,850,4400,2335.342466,2000,0,16562,1882.920548,0,0,111,25.89863014,0,-15412,4400,478.3205479,1856,3253,11700,6519.476712,6455,-5857,35311,7825.608219,2346,199,152855,21644.12329,9109,644,177545,29438.08493,12584,0.01,0.75,0.270273973,0.25,-30,94,37.48219178,38,3976,171197,31576.09315,17658,-37,93,27.5369863,27,NA,NA,NA,NA,144,124,50,43,0,24,19,29,30,22
1979,16533,9599.967742,8453,6679,22300,10928.06667,9262,6596,11303,8779.709677,8529,5918,65795,30522.45161,23108,7988,111315,46341.07143,32953,11640,75136,38086.80645,33004,20542,38120,14484.6,10498.5,6199,19109,13434.70968,13047,7184,10808,5315.766667,5342.5,3814,12100,5264.419355,4195,3033,5776,3356.580645,3348,740,7355,4971.7,4989,2886,10100,71300,17953.42466,14800,0,5340,202.4547945,14,0,4810,436.1369863,38,146,1340,476.8356164,429,2,10224,476.0465753,94,1090,13700,3611.342466,2840,1520,27624,5000.361644,3586,13522,101046,23156.2411,17605,33,244,126.4027397,101,0,6451,3053.608219,2867,715,4664,3170.857534,3194,0,0,0,0,950,11190,6350.868493,6036,850,4400,2335.342466,2000,0,20160,1280.484932,0,0,0,0,0,-18910,4400,1054.857534,1900,2345,10311,5844.405479,5986,-5116,43971,3808.241096,2348,4548,69919,12016.09589,8030,740,111315,15750.51507,9131,0.02,0.71,0.335534247,0.35,-36,95,43.16438356,46,11063,94740,20292.8411,15667,-37,95,33.98356164,36,NA,NA,NA,NA,71,49,33,26,0,12,14,21,2,0
1980,15858,7798.645161,6820,4572,20659,12172.06667,11383.5,5927,57821,19028.54839,10326,7243,303238,118220.129,89133,29177,339852,121654.7931,60054,27748,159520,99151.83871,90509,40429,41666,28628.36667,26092.5,20410,27719,20803.51613,20355,15226,16325,14790.3,14932,12249,15512,11065.22581,10468,8656,6195,4121.677419,3942,1911,17664,9803,9960,5402,10100,94600,26576.22951,17050,2,202145,8728.800546,27,0,16200,734.8934426,167,186,3860,1065.860656,726.5,3,15208,687.3797814,118.5,1760,33700,8238.333333,4260,2076,43912,10726.46721,5470.5,13654,339008,46031.49727,23593.5,39,213,120.0655738,125,0,7221,3519.150273,3514,0,4986,2763.155738,3233.5,0,0,0,0,1041,10655,6402.371585,6295.5,850,4400,2331.557377,2000,0,17732,1433.79235,0,0,0,0,0,-16532,4400,897.7650273,1900,2558,13410,6528.672131,6455,-4195,61180,10269.22131,4875.5,4747,284055,28524.98087,10323.5,1911,339852,38731.36066,15417.5,0.01,0.63,0.259754098,0.24,-21,88,33.21038251,34,10731,326431,40101.36339,19238.5,-22,86,20.37704918,16.5,NA,NA,NA,NA,146,103,60,55,7,30,25,31,10,0
1981,10262,7320.83871,7366,3533,8038,6661.8,6692,4954,30213,12486.80645,9887,7049,75205,18325.25806,7505,2814,67260,21171.39286,16076.5,12254,45332,26483.25806,23706,11733,32847,11647.66667,8653,110,14787,9142.548387,10028,177,9297,4595.8,4493,1789,6305,5305.741935,5373,3947,5289,3148.193548,2999,997,6052,4695.866667,4622.5,3523,8630,52500,15868.73973,13900,1,7384,171.5808219,15,0,4710,153.1534247,18,9,903,130.0356164,54,1,2499,113.3835616,57,1030,5700,2438.578082,2440,1156,10863,2835.150685,2720,10404,64268,18875.47123,16224,0,281,148.0547945,137,0,6368,2945.479452,3073,0,4852,3577.586301,3919,0,0,0,0,22,10652,6671.120548,6751,850,4400,2335.479452,2000,0,19891,1006.265753,0,0,0,0,0,-18941,4400,1329.213699,1950,1994,10850,5290.747945,5576,-5973,20492,590.8082192,-203,3109,54502,10377.3863,7336,110,75205,10875.13699,6887,0,0.83,0.38339726,0.39,-21,99,50.29863014,54,9014,63369,16562.65753,14120,-23,99,42.56712329,43,NA,NA,NA,NA,45,25,18,10,1,7,3,12,2,0
1982,15359,5213.774194,4749,2071,109046,36000.6,31201.5,3509,217288,86287.3871,54817,34570,222673,97674.03226,65956,49913,242388,92555.17857,58232,26733,102840,80088.3871,80758,57114,230827,142192.3667,140936.5,83682,83170,57781.96774,52492,40316,41108,28123,27043.5,19590,29776,16740.83871,13581,10561,21227,13309.25806,12503,9150,33452,25801.83333,24391,20705,8140,98300,41503.91781,35200,0,110712,9841.405479,55,0,20500,1390.832877,470,35,3780,1545.282192,939,9,25773,1230.893151,183,1060,29600,7560.931507,4610,1114,51183,11727.93973,7805,9260,238395,63073.26301,45496,23,211,104.1534247,84,0,7451,3685.046575,3583,0,4710,2722.641096,2880,0,0,0,0,953,11071,6511.841096,6058,850,4400,2335.342466,2000,0,24593,2280.887671,0,0,0,0,0,-23093,4400,54.45479452,1750,3808,13902,8011.813699,7878,-2337,70315,13192.53151,9842,3181,196705,43318.24384,29149,2071,242388,56506.96986,38303,0.01,0.59,0.172273973,0.12,-12,78,21.10958904,15,8200,235365,57565.30137,42538,-20,75,11.20821918,4,NA,NA,NA,NA,182,178,59,55,31,31,24,31,30,31
1983,33769,22975.3871,23047,15594,92380,39152.33333,29789,19409,200389,88908,75704,37483,285664,89761.54839,50750,31096,221043,175756.25,171241.5,134075,419680,266623.1613,246991,171646,169040,118099.7333,110135.5,88229,134653,98658.83871,101103,74871,84643,70929.4,73037,56028,59504,43759.19355,44478,23497,31043,24484.09677,23775,21166,36281,31441.56667,31369,27457,15100,96200,46895.61644,43500,11,274300,20504.11507,289,62,18400,1712.408219,769,265,3970,2154.150685,2280,9,22113,2402.383562,477,5230,44700,21280.60274,19700,7206,79452,27549.54521,27374,23297,422213,94949.27671,67630,1,253,109.8547945,84,0,7667,2640.29863,2299,790,4750,3455.841096,3483,0,0,0,0,1022,11927,6205.994521,5518,850,4400,2335.342466,2000,0,19032,2359.575342,0,0,0,0,0,-18032,4400,-24.23287671,1700,3462,13623,8662.241096,8887,4864,93137,30021.54247,25383,8093,347502,58744.27123,37754,15594,419680,88767.51507,58434,0.01,0.27,0.102027397,0.08,-16,39,12.19178082,10,18042,396105,80964.87945,53085,-31,18,-6.523287671,-7,NA,NA,NA,NA,182,182,59,59,31,31,28,31,30,31
1984,37830,32282.64516,32723,26872,128166,74137.13333,75994.5,26405,356087,154586.871,123889,86413,228366,100905.8065,89706,47820,57058,41515.44828,41437,28450,49633,34915.51613,34593,23026,29295,14637.13333,14219,2945,15865,11092.77419,11628,4824,10038,7925,7817,5899,11270,10127.41935,10244,7532,12197,8178.612903,8451,4874,17171,13586.23333,13640,9771,10200,92700,31019.12568,21300,10,221988,6551.166667,191.5,25,14100,822.7814208,498.5,201,3920,1060.185792,646.5,16,10119,609.4098361,115,1710,35600,8711.693989,5245,2211,44074,11204.07104,7041,15208,351622,48774.36339,29700,1,291,134.6530055,102,0,5940,2321.226776,2366.5,0,4782,3016.360656,3137,0,0,0,0,58,10613,5472.240437,5832.5,850,4400,2331.557377,2000,0,17995,1180.505464,0,0,0,0,0,-16345,4400,1151.051913,1800,2757,13158,7220.174863,7100,-3372,64205,12203.81421,5157,4830,303246,30027.82787,12627,2945,356087,42151.07104,26403,0,0.67,0.207786885,0.19,-30,81,28.34699454,24.5,11428,340452,42614.66667,23119.5,-44,75,15.69398907,10,NA,NA,NA,NA,129,110,60,55,31,31,24,24,0,0
1985,20128,11899.32258,11730,4826,45233,25952.73333,30434,7188,42164,31066.32258,33752,17968,20647,15120.22581,14478,10967,39516,15589.92857,11420,9542,20127,10409.80645,9937,3047,12708,6846.1,6682,4118,8936,7290.677419,7037,5148,10982,5113.333333,3915,2349,6408,4835.387097,4838,3515,4527,2248.483871,2113,655,6396,3174.6,2792,899,9170,41200,16860.32877,14500,0,3408,236.6794521,0,8,3070,224.7287671,136,16,1020,239.939726,97,5,3720,180.7808219,109,1300,5790,2935.506849,2670,1476,9676,3580.956164,3226,11425,49820,20677.96438,17915,1,273,155.9780822,156,0,7546,3743.723288,3705,2392,4668,3853.789041,3978,0,0,0,0,3810,11918,7753.490411,7602,850,4400,2335.342466,2000,0,7793,1022.09589,0,0,0,0,0,-6428,4400,1313.246575,1850,2504,7246,5258.545205,5736,-6646,11846,232.3945205,-58,3834,38717,11470.7863,7788,655,45233,11611.2274,8412,0.12,0.71,0.407780822,0.4,-5,96,50.65753425,50,9575,46320,17781.88493,15040,-24,95,42.15616438,42,NA,NA,NA,NA,37,22,7,3,19,0,3,0,0,0
1986,11578,3365.548387,2341,365,18847,6889.7,4581,1368,32564,9430.16129,3368,1240,39407,15208.83871,12478,4801,629494,205414.1071,89960.5,27538,285785,169447.4839,147045,83011,80292,46539.06667,45357,16973,19655,15810.12903,16028,11259,14272,9222.7,7881,5705,9779,7292.903226,7093,5698,7035,5054.258065,5055,3212,20556,10725.93333,7454.5,4156,8260,115000,24784.27397,15300,20,499301,13975.65753,43,17,34400,973.2328767,168,41,5500,1119.616438,426,2,30532,759.5561644,117,1630,36600,7220.328767,3380,1817,72522,10072.73425,4156,10546,661272,48832.66575,20512,10,253,152.9150685,161,0,7337,3736.309589,3807,186,4611,3615.89863,3914,0,0,0,0,256,11635,7505.123288,7545,850,4400,2335.342466,2000,0,27631,1961.594521,0,-1671,57830,3.64109589,0,-22356,31049,377.3890411,1476,1959,16124,6185.906849,6016,-3799,94020,8506.950685,1049,3299,602947,32469.35342,8448,365,629494,40950.15342,9847,0,0.81,0.367726027,0.38,-12,97,43.2739726,45,8466,647372,43486.70959,16992,-44,96,31.83013699,31,NA,NA,NA,NA,103,85,37,30,3,3,27,31,21,0
1987,14078,10608.41935,10592,6097,9719,7731.666667,7869,5946,11391,8986.354839,8735,6500,22121,10818.16129,10631,4798,43422,16859.14286,12216,5422,43268,22915.96774,22451,2503,7886,6212.233333,6270,4314,7461,4845.032258,4678,2848,5142,3382.166667,3223,2117,4689,3723.83871,3731,2246,4181,2772.129032,2806,1222,3719,1737.366667,1742,392,8200,38000,13869.9726,12800,16,1742,48.11780822,26,0,1450,100.3561644,45,8,1200,215.830137,67,31,3969,214.569863,198,1330,6000,2507.890411,2290,1552,9214,3038.627397,2671,10590,44060,16956.71781,16159,62,271,180.9260274,178,61,6692,3203.632877,3024,1704,4646,3809.210959,4018,0,0,0,0,2561,10985,7193.769863,7088,850,4400,2335.342466,2000,0,17026,925.0684932,0,0,0,0,0,-16176,4400,1410.273973,1900,2149,7539,4975.915068,5430,-5141,15373,-95.91780822,-78,2848,34595,8547.29589,6857,392,43422,8352.673973,6324,0.09,0.77,0.435780822,0.44,-60,97,55.47671233,58,8560,41060,14531.23014,13387,-47,97,47.69863014,49,NA,NA,NA,NA,30,12,10,3,0,0,3,9,0,0
1988,7512,3761.258065,3704,1796,8713,4291.033333,4126.5,1588,20140,9454.096774,7916,2129,37194,19590.70968,20863,5634,10534,3039.310345,1858,-478,9742,4480.645161,4225,1211,24210,11417.43333,9910,3476,8992,4658.645161,4280,1987,5198,3082.066667,3063.5,1207,5706,3731.645161,4080,1471,4365,2304.870968,2277,861,3940,2250.933333,2080.5,913,7060,37200,13375.43716,12000,16,3807,161.4699454,26,0,953,72.4726776,44.5,7,429,31.72404372,26,12,457,92.36065574,61,1120,2720,1609.398907,1540,1242,2958,1805.934426,1696.5,8525,42023,15342.84153,13728.5,15,281,186.4863388,195.5,0,7591,3783.76776,3791.5,2393,4785,3988.363388,4090,0,62,16.90437158,0,2951,11725,7975.521858,8172,850,4400,2331.557377,2000,0,14446,993.8060109,0,0,0,0,0,-12546,4400,1337.751366,1775,1822,10147,5459.275956,5437,-6327,8724,-1579.830601,-1921,2444,35577,7703.062842,6068.5,-478,37194,6029.568306,3839,0.2,0.95,0.532622951,0.52,-19,104,65.2431694,71,7195,40743,13737.83607,12140.5,-23,105,60.8989071,68,NA,NA,NA,NA,22,7,16,7,0,7,0,0,0,0
1989,4919,3141.645161,3026,1232,27065,6619.3,3364.5,1887,22705,7230.935484,4565,870,10058,3603.806452,2885,-522,12155,6378.535714,5660,2271,67929,38928.32258,37936,5612,34361,11686.5,8894,4611,10303,7378.612903,7110,5278,10671,6155.733333,6089.5,1834,10017,6162.612903,6576,1755,8899,4468.548387,4321,227,22569,6445.966667,4709.5,-167,6410,73500,16990.10959,14500,15,3646,62.07123288,26,0,5450,226.0136986,58,6,367,31.74246575,32,2,359,48.2630137,22,984,2580,1462.665753,1330,1032,7337,1768.665753,1450,7683,77384,18820.84658,16162,78,282,185.2438356,170,0,7759,4331.863014,5093,1632,4807,3964.021918,4129,16,91,42.61917808,38,2005,12578,8523.747945,9564,850,4400,2335.342466,2000,0,14045,1090.772603,0,0,0,0,0,-11995,4400,1244.569863,1900,2238,10604,6093.441096,5986,-6719,8882,-1470.632877,-1675,1972,63132,10610.25479,7930,-522,67929,9052.528767,5746,0.13,0.94,0.490082192,0.49,-27,105,59.32328767,64,6473,75364,17367.76438,14784,-31,105,55.51506849,60,NA,NA,NA,NA,36,22,0,0,0,0,0,21,1,0
1990,17686,4887.451613,3643,-846,13820,5477.8,4224.5,2073,6460,4399.16129,4151,2113,31820,9885.741935,6888,800,19492,6787.571429,5322,1064,12199,3813.129032,2163,382,9573,5922.766667,6677,1834,27757,7700.16129,5199,2231,23502,4846.433333,3235,1774,5381,3965.83871,4279,2258,6675,4460.870968,4279,2670,4421,2450.166667,2660,100,5370,36900,13646.71233,13800,15,85,28.78356164,26,2,910,124.6273973,65,12,368,37.23287671,27,2,361,71.3260274,48,685,1970,1264.893151,1260,860,2818,1498.063014,1448,7243,38654,15173.5589,15248,92,279,187.090411,182,0,7899,4334.345205,5498,1649,4379,3725.687671,4075,0,82,39.45205479,36,2157,12275,8286.575342,9950,850,4400,2335.342466,2000,0,12325,827.6739726,0,0,0,0,0,-9375,4400,1507.668493,1950,2988,8975,5901.939726,6016,-6801,12057,-1866.542466,-2228,1152,32280,7351.383562,6941,-846,31820,5379.315068,4170,0.17,0.89,0.531863014,0.55,-28,107,67.2739726,71,5803,37284,13930.68493,13958,-26,108,64.41643836,68,NA,NA,NA,NA,9,1,5,1,0,1,0,0,0,0
1991,5362,3405.096774,3579,615,10240,4494.933333,3831.5,1785,12656,6383.451613,4854,2477,6286,3972.935484,3947,1799,24622,7361.464286,4127,1682,58341,24579.3871,21823,4363,15606,3701.4,2847,-1275,7418,3862.032258,4055,1088,6633,4002.233333,4152.5,1400,5432,3318.483871,3299,1726,5476,2557.645161,2545,-165,5941,3760.933333,3678.5,1245,4730,46900,10459.72603,9170,15,3260,105.1780822,34,1,3540,148.5424658,22,17,431,56.52876712,34,2,2027,102.7315068,52,436,3980,907.6520548,846,573,7460,1215.427397,980,6647,56926,11780.33151,10029,39,219,146.969863,151,0,6761,2502.432877,2250,0,4083,1944.632877,1689,18,81,49.37808219,49,767,10957,4643.413699,4009,850,4400,2335.342466,2000,0,21440,1158.30411,0,0,0,0,0,-20540,4400,1177.038356,1900,1814,8563,4607.30411,4671,-7031,11385,414.2191781,317,741,46322,5628.019178,3716,-1275,58341,5959.879452,3969,0.06,0.93,0.384109589,0.38,-101,112,55.36164384,60,5253,53616,10892.98082,9353,-88,112,51.6,57,NA,NA,NA,NA,20,9,4,0,0,0,0,9,0,0
1992,11047,3909.096774,3923,259,6858,3909.333333,4356,1070,18853,7622.516129,7456,1951,18725,6413.387097,4329,785,61442,28758.82759,25220,7796,28844,13282.67742,9758,2843,10733,6258.433333,5947.5,1076,4694,3254.580645,3425,1569,6454,3426,3101,1781,4529,2982.741935,2930,1736,3991,2824.451613,2824,1682,5201,3366.066667,3338.5,1880,4340,47000,11084.23497,8865,15,2666,133.7349727,35,0,3010,144.4535519,30,24,408,89.95355191,42.5,2,1743,126.5273224,60,390,5110,964.726776,895.5,484,8423,1325.650273,1095,6248,57349,12543.62022,9774.5,32,224,144.0382514,150,0,6940,2219.81694,1500,0,4139,1848.576503,1299,21,94,48.42622951,45,346,11046,4260.857923,3397,850,4400,2331.557377,2000,0,18631,1130.144809,0,0,0,0,0,-17781,4400,1201.412568,1900,1406,7188,4191.857923,4442.5,-7499,15766,475.7540984,450,674,46503,6689.702186,3946,259,61442,7081.349727,4009.5,0.02,0.83,0.32204918,0.29,-68,97,51.20491803,59,4772,56578,11638.61202,9104.5,-61,96,47.03278689,55,NA,NA,NA,NA,23,13,15,13,0,0,13,0,0,0
1993,12412,4350.483871,3917,2145,11503,4125.833333,3715,1734,38584,11602.74194,8989,1021,131316,57885.87097,49932,14261,108035,55021.64286,49903,20373,150488,63968.6129,45691,22388,99659,44295.93333,32906.5,27152,33754,25188.19355,27000,15674,48626,27078.2,24740,11013,13423,9449.677419,9310,6229,13030,9421.903226,9173,6431,8536,5305.833333,5004.5,3033,5100,82300,27116.57534,22000,16,54526,2633.169863,43,0,7100,665.8328767,175,32,1100,468.2739726,373,19,2055,281.9780822,250,542,9590,2352.126027,2080,633,15945,3768.2,3233,5977,143649,33517.94521,25053,4,232,132.2794521,129,0,10000,3567.443836,3212,0,4469,2912.112329,3907,8,103,46.25753425,39,98,14083,6658.093151,6439,850,4400,2335.342466,2000,0,15879,1784.180822,0,0,0,0,0,-14229,4400,551.1616438,1750,3395,11774,6376.994521,6367,-4158,21956,3128.860274,2319,1084,127536,23218.43014,12756,1021,150488,26308.69041,14605,0,0.66,0.260657534,0.21,-72,89,33.47123288,26,5229,143216,31325.78082,23280,-65,88,28.16164384,20,NA,NA,NA,NA,149,96,57,48,3,26,22,23,19,3
1994,11751,5117.83871,4426,879,16110,7380.6,6004,2456,25013,12360.83871,9686,4854,24392,10787.16129,8902,7376,36774,20557.03571,18665,9382,14909,10595.09677,9854,6620,14988,8149.666667,7345,5721,13530,7941.225806,7717,3172,4556,3781.5,3727.5,2752,6991,4494.645161,4598,2554,5866,3334.645161,3410,1881,10395,5505.933333,4601,2970,6120,29900,13126.63014,12200,15,1686,42.63835616,26,0,868,85.17534247,45,22,917,156.1863014,139,7,417,189.3369863,194,743,4330,1684.712329,1640,1077,5209,2115.40274,2083,7699,34770,15284.67123,14228,0,241,153.0575342,145,0,7163,2780.043836,2446,359,4632,2794.035616,2705,20,112,57.83287671,56,538,11705,5784.969863,5115,850,4400,2335.342466,2000,0,13586,1092.361644,0,0,0,0,0,-12736,4400,1242.980822,1800,1782,10264,4513.879452,4633,-5862,9320,36.36712329,-94,1346,28983,8307.345205,7316,879,36774,8256.720548,6825,0.03,0.79,0.349287671,0.32,-26,94,47.86849315,51,6609,34143,13687.34795,12574,-37,92,41.33150685,45,NA,NA,NA,NA,18,6,13,6,0,0,6,0,0,0
1995,7905,3217.193548,2763,496,10658,5356.166667,5089,1900,34696,9629.483871,8363,2072,247920,107487.4839,106520,3758,120077,72835.96429,73368.5,29776,405822,200644.9032,219982,29949,113348,90836.9,92341.5,56916,172462,98047.48387,89951,61588,62645,46754.03333,48083.5,33024,47226,26789.22581,28611,12784,15870,10875.77419,10466,7163,24134,19629.4,20910,13366,6740,99500,38329.26027,32000,10,266562,15215.2411,25,0,18100,1190.558904,430,40,3620,1430.958904,1080,18,4045,453.1534247,316,965,25900,8710.4,5490,1150,38219,11785.06849,7634,8584,387177,65329.56986,42922,0,220,127.7753425,115,0,8397,3452.926027,3229,0,4571,3565.238356,4125,3,91,40.39726027,40,91,12684,7186.336986,7199,850,4400,2335.342466,2000,0,19950,1929.479452,0,0,0,0,0,-18750,4400,405.8630137,1750,2398,14062,7382.665753,6880,-6287,55191,11717.58082,6117,2210,354302,46048.21644,26535,496,405822,57737.36986,30016,0,0.79,0.249589041,0.19,-17,94,29.62191781,26,7014,380825,58864.4411,35249,-19,93,19.75068493,12,NA,NA,NA,NA,150,144,55,52,1,25,27,30,30,31
1996,22079,11371.35484,11140,2542,11087,8383.366667,9410.5,2472,71595,27709.03226,22466,8322,74821,32144.35484,30661,6652,212184,126912.4828,114785,78670,130424,89147.80645,98142,39017,57161,42032.4,41217,31650,101686,46021.03226,31407,20428,28691,15269.73333,11679,8735,15066,9156.096774,8539,7705,12000,9592.258065,9451,8212,13163,7292.633333,6944,3163,10800,87900,31098.9071,21600,20,93818,4704.002732,43,25,7850,609.4508197,139.5,78,2980,858.5163934,685,105,5262,609.2131148,394.5,1790,17600,5434.453552,2935,2211,27224,7511.63388,4441.5,14569,207020,43314.54372,25140,0,245,143.6666667,128,0,7303,3626.595628,3814,0,4608,3617.478142,4319,0,105,48.92076503,46,118,11943,7436.661202,7635.5,850,4400,2331.557377,2000,0,28090,1560.795082,0,0,0,0,0,-25890,4400,770.7622951,1875,2957,12519,6970.601093,6873,-6702,40482,6544.562842,3150,5076,171011,28616.51093,13343.5,2472,212184,35107.12022,13624,0,0.73,0.270163934,0.27,-44,84,33.77595628,39,11586,198492,39146.21038,22616.5,-38,79,25.34972678,21,NA,NA,NA,NA,157,136,47,45,11,16,29,31,30,19
1997,14422,4768.967742,4201,2578,18495,10035.43333,9076.5,3946,225094,84409.87097,95407,7040,567086,262461.4839,239378,127496,216492,118675.8929,102192.5,69814,70831,33774.87097,25945,13894,21359,14212.86667,14018,8474,14684,12349.74194,12653,8969,10575,8306.666667,8160.5,6705,12648,9383.096774,8945,7878,13987,8717.83871,8179,5027,6965,3976.5,3551.5,2329,9360,113000,29027.0411,17500,0,395140,13527.66575,478,20,61600,1065.161644,192,32,5020,1183.394521,322,93,11042,1383.123288,437,1560,54300,9354.465753,3330,2038,90641,12986.14521,4295,14286,561889,55540.85205,21595,0,248,156.2684932,168,0,6787,3447.780822,3179,0,4685,3467.210959,4243,3,158,52.57808219,37,89,11665,7123.80274,7752,850,4350,2290.630137,1966,0,22465,1378.49863,0,-4487,18929,78.30136986,0,-20465,19821,990.4219178,1824,2079,15858,6499.643836,6083,-7416,105377,11690.71507,1435,4470,495493,35799.76438,11519,2329,567086,47426.60548,11810,0,0.7,0.307260274,0.34,-18,85,39.19178082,43,10953,560250,52568.11507,18937,-13,82,32.30410959,34,42.64,87.14,69.89230137,75.35,115,97,59,59,26,31,28,12,0,0
1998,7321,4842,4714,2711,24665,10013.53333,8242.5,2974,28250,14613.67742,13771,3873,129177,68871.48387,88036,3747,311298,224704.0357,225124.5,109147,148497,104584.3871,104046,67732,121676,88661.23333,92651,65281,88533,67140.32258,67559,55405,105153,71643.16667,71755,48984,47830,31360.19355,28935,19886,21611,20010.25806,20139,17381,23656,20116.73333,19802,17081,9980,94100,40077.75342,28700,25,178521,11624.63562,566,21,14700,1076.835616,388,101,3470,1340.671233,1520,13,7883,469.6493151,211,1810,35000,11728,9550,2351,46372,14615.15616,12468,12827,308013,66317.54521,47000,59,446,221.6109589,200,0,7465,2948.049315,3174,609,4937,3417.684932,4012,14,131,54.41369863,47,900,11664,6641.758904,7516,850,4350,2302.213699,1987,0,16275,1965.723288,0,0,0,0,0,-15375,4350,336.4876712,1700,2505,13344,7337.378082,7319,-7397,57883,15092.00548,12523,4679,254621,44270.82192,24967,2711,311298,59339.30137,36189,0,0.69,0.222082192,0.18,-7,82,25.32876712,21,10507,307831,62611.02466,38711,-9,78,18.17260274,6,44.21,87.22,63.19736986,61.77,152,140,52,48,0,20,28,31,30,31
1999,18817,12297.3871,12430,6899,42887,20569.76667,15561,6886,66751,47241.29032,49892,23345,74523,38021.70968,22540,13189,143179,98804.35714,103296,36702,103650,69107.12903,65594,39766,43753,35493.8,34198,30060,30377,22229.29032,21702,16956,19358,13768.4,12816.5,8449,12851,10579,10933,8813,12903,6020.354839,5228,2174,6173,4831.6,4763.5,3566,12700,86700,30070.9589,21400,20,33150,2250.517808,549,26,13000,642.1369863,167,94,2900,738.309589,547,33,6568,551.5178082,292,1790,16000,4928.383562,3740,2232,26811,6860.347945,5213,17251,141418,39181.82466,26489,0,433,184.1671233,176,0,7189,3369.386301,2715,0,4490,3125.257534,4165,0,150,51.9260274,41,136,12115,6730.772603,6701,850,4320,2295.219178,1979,0,11232,1013.449315,0,0,0,0,0,-10382,4320,1281.764384,1881,2518,12360,6275.09589,6514,-5530,37894,5571.49863,4866,7745,106500,25687.55068,14808,2174,143179,31169.34247,18329,0,0.64,0.244054795,0.15,-12,88,31.92054795,23,13452,138753,35683.50411,23605,-14,86,23.67945205,10,50.94,85.19,67.60567123,67.27,159,127,49,41,24,13,28,31,30,1
2000,6645,4280.096774,4277,1521,9992,6804.166667,6591,3996,17236,10467.29032,9940,3627,67481,21545.58065,10231,3507,163895,94092.27586,110045,29832,159701,87838.35484,86551,23930,45349,27294.3,27032,15514,34881,22146.12903,20371,10367,11365,8942.4,9110,5905,15056,9220.645161,8594,6536,12366,6098.193548,5732,3567,8292,4662.633333,4213,1657,10300,87700,25290.43716,17550,0,63375,4079.344262,390,20,9680,513.3224044,79.5,52,2330,496.226776,281.5,23,6057,475.3005464,236,1530,16700,3920.300546,2480,1889,25134,5405.150273,2923,13413,168766,34774.93169,21305.5,0,401,174.0546448,154.5,-77,9487,5085.770492,5592.5,0,4473,3425.423497,4124,3,162,64.83879781,66.5,1584,13716,8750.087432,9681,850,4340,2288.994536,1963,0,17192,1316.803279,0,0,0,0,0,-16199,4340,972.1885246,1883,2758,12493,6345.071038,6353.5,-7072,30098,2368.136612,-803,4898,136174,22752.56011,11574.5,1521,163895,25052.63934,9511,0.05,0.75,0.365245902,0.38,-21,90,45.12568306,53,10763,160758,31739.2377,18702.5,-19,88,39.07377049,46,49.65,87.46,73.5704918,77.23,109,80,43,36,0,8,28,28,11,5
2001,17127,5736.580645,4092,1940,12631,4742.9,4070,2536,8996,5996.612903,6144,2836,32048,15211.45161,14143,3300,44585,19567.92857,14243.5,4973,56518,23427.3871,18339,8473,20692,12219.06667,11788.5,6360,11458,9706.83871,9760,7760,8982,7509.2,7614,5343,7034,4722.774194,4688,3497,4658,3226.83871,3111,1969,5640,4165.266667,4043.5,3210,6790,46200,14527.23288,13000,0,5168,506,321,4,984,160.7917808,64,29,624,176.4082192,177,32,1675,176.7068493,183,1150,5980,2392.684932,2230,1423,8160,2906.591781,2700,12187,57684,17939.82466,15684,0,439,143.7945205,85,0,8470,3639.687671,3994,734,4341,3221.142466,4017,0,146,62.80547945,67,1115,12085,7067.430137,7972,850,4389,2294.961644,1975,0,11232,1055.079452,0,0,0,0,0,-9753,4389,1239.893151,1862,1732,9444,4539.473973,5196,-5606,14915,-427.3534247,-1587,4235,44306,10146.63562,7742,1940,56518,9632.542466,6906,0.05,0.7,0.404383562,0.46,-38,87,51.48219178,56,9484,54356,15780.18082,13641,-26,85,44.54246575,49,65.14,89.49,80.34312329,82.14,38,17,19,9,0,2,7,8,0,0
2002,7091,4275.580645,3598,2039,18397,8213,5740,2533,49520,24737.25806,23760,9543,105892,38731.41935,28401,9244,24965,12029.67857,9998.5,7650,27474,16982.12903,15003,9985,16833,11943.23333,11695.5,9053,24211,13554.22581,11609,10413,9606,7461.766667,7452,4867,6860,5731.83871,5584,4403,5228,3848.580645,3992,1789,5553,4168.933333,4076,2654,6970,65600,18101.39726,16200,0,34555,978.3534247,369,4,2550,277.369863,152,29,487,149.0054795,181,15,4979,212.2684932,166,991,5960,1927.893151,1870,1235,12299,2566.534247,2348,8952,108391,21646.28493,19043,0,460,167.0821918,98,0,8295,4006.145205,3999,827,4481,3459.873973,4085,0,147,65.2739726,71,1567,12419,7698.375342,8253,850,4382,2298.835616,1967,0,14900,1047.224658,0,0,0,0,0,-13100,4382,1251.605479,1800,2108,11340,5181.156164,4760,-6629,17104,-764.2849315,-1492,3220,91511,13548.16164,9660,1789,105892,12696.24932,9501,0.05,0.67,0.377068493,0.4,-24,89,47.87671233,49,7306,104171,19848.15616,17410,-18,88,42.0630137,45,61.32,88.84,77.74958904,75.2,53,25,21,15,10,15,0,0,0,0
2003,5105,4203.258065,4201,3329,26539,7333.1,3934,1903,66313,28885.80645,30389,3361,82979,51440.93548,48049,30302,41236,29622.85714,30314,15279,41082,15779.6129,13095,6503,51049,22053.86667,20429.5,7865,67682,41937.74194,35255,18804,18740,11802,11598.5,5785,14247,9703.16129,9709,7170,13124,6928.225806,6138,3195,5198,3486.6,3648.5,1223,9010,65300,25283.42466,20700,0,25560,1549.778082,506,6,2920,296.7315068,151,69,1570,300.6136986,210,26,1070,140.8219178,125,1130,3490,1885.315068,1870,1495,5731,2623.482192,2413,10884,93766,29456.68493,24437,13,337,190.8027397,227,0,7572,4776.723288,5938,733,4519,3708.109589,4286,0,115,58.65753425,62,1065,11951,8734.293151,10458,850,4383,2304.676712,1990,0,16505,1020.526027,0,0,0,0,0,-14305,4383,1284.145205,1793,2606,11045,6349.843836,6320,-6678,14623,-595.7013699,-1685,4210,80200,20123.79178,13932,1223,82979,19438.2137,11578,0.01,0.75,0.36660274,0.4,-49,92,44.95068493,52,9294,91486,27728.96438,22788,-37,91,41.16164384,48,59.94,89.47,74.01046575,73.13,122,91,54,45,16,31,14,3,7,20
2004,8952,4304.677419,4145,2758,15279,6625.466667,4909.5,3480,51521,23855.64516,22728,6783,69523,32138.19355,28687,12126,179947,68091.27586,32410,12236,155420,56299.54839,36653,16144,31799,22006.5,21690.5,12342,15250,12425.51613,12339,9995,9673,5726.633333,8030.5,-28982,8665,7378.16129,7255,6347,7316,5252.516129,5187,3503,7702,4700.966667,4955,2137,9420,74700,23594.39891,17950,0,105288,4308.306011,485,3,3810,219.4262295,60.5,27,947,222.7650273,274,19,1171,170.4371585,174,920,4500,1891.418033,1640,1175,8369,2504.046448,2122.5,12133,186184,30406.75137,19844,0,437,165.4071038,132,19,8008,4478.038251,5001.5,0,4589,3749.860656,4351,0,125,71.23770492,78,1236,12491,8464.543716,9546,850,4400,2300.254098,1965,0,11691,1038.122951,0,-733,37812,85.22131148,0,-10041,40857,1347.349727,1774.5,2518,13125,6248.437158,5950,-35867,13513,-617.7021858,-1333.5,3840,167847,21300.86612,10328,-28982,179947,20594.85246,10540.5,0.04,0.69,0.356147541,0.35,-4,286,45.78142077,45,9773,181964,28601.47268,18686,-15,305,41.2568306,41,54.07,89.29,74.99688525,80.045,105,63,40,31,6,15,16,18,8,0
2005,18234,8517.387097,5622,4208,11857,6708.166667,5657,3879,58511,12451.19355,5627,3012,63899,33624,33233,12870,37773,24932.92857,25912.5,13397,71870,38557.96774,33398,17980,50109,29903.03333,26601,20346,91682,50999.16129,50135,22026,48887,27968.06667,28845.5,11432,11316,9441.064516,9604,7247,6990,5632.193548,5637,3899,8156,7051,6983.5,5087,10100,74100,23131.78082,19400,0,8296,981.9369863,471,6,9800,675.3643836,268,106,2180,794.0273973,836,13,3463,150.2438356,73,1070,15300,5231.150685,3600,1289,19909,6850.786301,4677,11809,96839,30964.50411,26249,0,369,163.830137,142,0,8690,5006.758904,5395,899,4511,3699.936986,4328,0,156,65.88219178,69,1847,12991,8936.408219,9200,850,4400,2308.227397,1975,0,13525,1504.109589,0,-500,0,-99.17808219,0,-11725,4400,704.9561644,1400,3002,13257,5863.419178,5694,-7553,25024,3354.238356,537,4639,66837,18025.13699,12680,3012,91682,21323.12877,14215,0.02,0.68,0.356383562,0.4,-10,80,39.90684932,37,10399,93161,27050.70959,22322,-24,78,30.98630137,28,58.09,86.68,72.17989041,70.62,138,83,42,28,2,19,9,16,13,24
2006,7263,4467.193548,4367,1988,7570,5008.666667,4729.5,2789,235781,42829,19115,3802,368424,145921.0645,111452,51333,85475,52129.10714,52500.5,25024,175262,115393.3226,112869,72560,256965,179437.6333,187035.5,121449,122053,81325.80645,80791,46989,46139,35325.2,38463,24752,19211,10261.29032,9583,7481,10054,8175.870968,8092,6539,9954,7920.166667,7910.5,5170,11100,91800,38112.05479,26100,40,256744,15472.88767,583,26,22900,1198.676712,347,94,4920,1499.309589,952,25,9382,531.2191781,286,1850,34600,10153.42466,6460,2218,46419,13382.63014,8693,14667,364182,66967.5726,39839,0,384,160.6410959,189,495,9496,4872.09589,5386,0,4506,3629.956164,4299,0,166,59.74520548,56,1554,13749,8722.438356,9724,799,4400,2311.290411,1999,0,15358,1463.265753,0,0,0,0,0,-13708,4400,848.0246575,1825,2492,14943,8172.430137,7540,-6577,63099,12281.40274,5465,5606,334575,45175.07397,21794,1988,368424,57397.10959,26741,0.01,0.73,0.295205479,0.25,-5,87,35.90958904,24,11597,360574,62525.34521,31560,-7,84,29.07671233,11,44.15,87.33,65.66871233,63.07,166,158,59,55,11,31,24,31,30,31
2007,6576,3987.548387,3686,1873,9437,5230.6,4729.5,3387,17815,9019.354839,7977,2462,11824,8242.709677,8118,4348,46754,21234.42857,17740,7774,34277,14003.96774,11047,8200,16873,11306.23333,10371,7684,12736,9379.806452,9379,7111,10450,7846.5,7679,5473,7525,5360.806452,5409,3148,4917,3737.129032,3885,2394,6035,4517.166667,4915,857,7850,39400,15153.28767,14200,20,2155,341.939726,305,7,2830,187.1342466,87,33,859,194.1972603,195,0,508,147.569863,129,891,4180,2204.676712,2320,1082,5988,2733.578082,2934,11403,45346,18228.80548,17265,1,443,154.9041096,131,0,7497,4080.805479,4495,465,4508,3700.980822,4308,0,147,83.64657534,84,1295,12106,8020.336986,8967,844,4400,2300.090411,1977,0,8940,659.4,0,0,0,0,0,-8090,4400,1640.671233,1748,2376,8840,5144.131507,5235,-6977,10230,-1209.046575,-1513,3447,36073,9891.69863,8888,857,46754,8567.808219,7177,0.05,0.75,0.429452055,0.47,-3,93,54.70684932,55,8963,42656,16101.54795,15379,-15,93,47.98630137,49,69.02,88.47,80.22383562,79.63,19,9,13,7,0,0,7,2,0,0
2008,6729,3683,3452,2751,10067,4290.9,3540,2430,15056,7185.580645,6936,1812,50477,24560.06452,21829,7677,41724,24128.17241,20149,11174,29179,12220.19355,10525,7506,12626,9540,9923.5,5401,9974,8214.83871,8128,6867,8434,7332.4,7414.5,5574,5301,3674.387097,3719,2558,3983,3074.032258,3147,2282,6084,4071.666667,3943.5,2232,6780,41000,13219.15301,11100,20,6710,574.9043716,461,2,1310,155.136612,51.5,19,718,131.8278689,167,23,280,119.352459,114,741,4510,1699.920765,1530,932,5427,2106.237705,1836.5,9521,50593,15900.29508,13211.5,0,454,185.4754098,136,193,6342,2104.101093,1990.5,428,4482,2780.284153,2999,0,156,75.88251366,85,1000,10322,5145.743169,5556.5,820,4351,2297.775956,1951.5,0,17192,826.7295082,0,0,0,0,0,-15746,4351,1471.081967,1866.5,1731,7397,4513.688525,5020,-4283,14618,517.9371585,73,3051,38422,8868.461749,6005,1812,50477,9283.445355,7172.5,0.04,0.68,0.332704918,0.34,-53,86,48.2295082,47,8584,46111,14324.22404,11924.5,-42,84,41.82513661,42,66.7,89.97,81.07898907,81.255,35,20,32,20,0,9,11,0,0,0
2009,6521,3186.096774,3146,1130,17417,5817.733333,3823,2260,14494,7113.419355,6873,3274,14001,6306.096774,4354,2803,45779,22752.64286,15566,7558,53794,19926.87097,10607,7038,14560,12039.76667,12877,6676,31636,15884.96774,12561,9971,11247,8064.633333,7968.5,4468,7793,5214.258065,5208,3190,6825,4238.129032,4008,2995,6943,3887.033333,3643.5,2039,6600,48000,13777.56164,12500,27,2770,437.4794521,359,3,5710,268.5616438,51,26,430,133.3068493,160,16,238,103.1780822,71,513,2650,1195.358904,1140,724,7447,1700.405479,1413,8056,55020,15915.44658,14755,0,427,148.3616438,126,134,7178,2259.191781,1992,0,4392,2602.328767,2729,0,116,63.66849315,74,801,11928,5073.550685,4556,850,4350,2305.50137,1950,0,13525,913.7479452,0,0,0,0,0,-12675,4350,1391.742466,1819,1733,8420,4371.819178,4020,-5750,11453,94.08767123,-82,2184,44354,9453.558904,7605,1130,53794,9450.175342,6443,0.03,0.62,0.334410959,0.36,-36,86,45.4,52,6766,53016,14770.2274,13566,-44,83,40.43561644,47,65.69,91.13,80.79378082,82.3,30,20,12,11,0,0,11,7,0,2
2010,21855,6365.032258,4287,2093,7599,4654.4,4379,3300,13445,6370.774194,5963,2737,68205,26955,13406,5252,43961,29982.14286,31025,15698,32837,17121.48387,16085,7597,35457,24604.46667,24990,13784,29855,20681.74194,20307,16520,25364,16524.96667,19526.5,7957,8163,6700.83871,6735,4803,7506,4003.935484,3846,2413,8804,5885.266667,5548.5,3151,7880,58400,17648.16438,15800,45,7262,800.0109589,403,4,3150,363.8328767,112,43,1740,428.3150685,274,18,227,81.53150685,51,1010,6300,2520.054795,2020,1375,8440,3393.734247,2685,9749,69238,21841.90959,19847,0,322,129.4684932,120,0,7179,3447.194521,3494,626,4352,2957.008219,3489,0,123,59.73972603,67,1502,11744,6593.410959,6719,836,4351,2300.460274,1952,0,12837,1089.619178,0,0,0,0,0,-10994,4351,1210.857534,1700,1977,10136,5142.767123,4710,-5309,13861,1156.043836,186,3056,55450,12966.35068,9816,2093,68205,14037.63288,8008,0.04,0.66,0.343150685,0.38,-52,86,42.91506849,49,8238,67222,19792.93425,17815,-45,85,36.78630137,42,64.66,87.98,76.88323288,78.82,83,41,36,28,0,12,16,6,7,0
2011,15248,5473.258065,4261,2295,16341,7020.866667,6052.5,2643,89710,48138.06452,43985,8055,79581,39475.77419,30485,19572,53689,28251,20416.5,14927,218625,104134.7419,71671,37381,136055,85043.33333,73359.5,55484,54175,47059.12903,46445,42037,56125,42036.86667,41052,31860,42352,17654.51613,14529,5880,13364,8863.322581,7944,6195,13513,12205.8,12114.5,10835,9500,86000,31547.28767,27000,38,93354,3615.367123,507,9,10400,1056.208219,653,156,4200,1474.586301,1080,16,6926,317.339726,154,1590,30800,9433.041096,8920,2232,38025,12281.17534,11981,12611,213620,47443.83014,37410,1,379,92.49589041,81,0,8659,5528.975342,5997,0,4287,3549.375342,4144,0,178,53.95342466,62,410,12879,9224.8,9864,807,4350,2305.29863,1978,0,9628,1278.013699,0,0,0,0,0,-8778,4350,1027.284932,1784,2869,13448,6636.046575,6227,-4097,51052,9024.715068,4523,4341,167156,28238.98082,22125,2295,218625,37191.7726,25862,0,0.7,0.300547945,0.27,-3,84,34.85205479,29,10389,215166,41637.53973,29168,-11,81,23.58630137,12,49.59,86.58,67.32717808,64.65,163,136,46,27,17,16,11,31,30,31
2012,22839,12077.29032,11389,5445,14289,8269.4,6429,3925,6823,5372.709677,5476,3317,32170,11417.3871,6469,4921,13207,10796.86207,10601,8804,51239,20114.41935,17480,6660,44404,27781.93333,26758.5,17200,26534,12492.80645,9290,5463,10964,8305.766667,8502,5624,10645,7534.709677,7260,5245,9677,4641.419355,3367,1585,6999,4886.8,4699.5,2400,8680,46100,16634.04372,15200,26,1310,319.057377,189,9,4940,239.3169399,60,32,1580,255.3934426,180.5,25,499,128.6174863,107,665,5790,2035.795082,1730,927,7024,2659.122951,2177,10659,51096,19612.22404,17963,0,455,239.420765,238.5,495,7178,3657.13388,3495,0,4522,2895.464481,3199,0,136,55.93442623,59,1529,12175,6847.92623,6269,850,4340,2301.221311,1987.5,0,8252,666.9945355,0,0,0,0,0,-7252,4340,1634.240437,1881,2172,9620,5146.68306,5013,-7111,13475,-104.3825137,-542,3939,39502,11348.80055,9467.5,1585,51239,11130.05191,7932,0.04,0.66,0.353415301,0.375,-11,90,47.0273224,53,9279,49046,17669.03552,16000.5,-12,89,40.59562842,45,65.74,88.51,77.4857377,78.145,47,21,5,2,0,2,0,7,12,0
2013,9661,4476.903226,3902,1902,16931,6291.7,4811,3369,89080,48250.87097,52969,13499,45358,22289.45161,18517,13673,16747,13428.82143,13633,9025,13339,9626.903226,8894,6422,21681,12865.7,12000,5968,11998,10067.87097,9858,8805,9506,7902.033333,7634,6487,7358,5443.548387,5372,4220,6203,5083.677419,5099,3404,6923,5591.766667,5816.5,3280,5990,69000,17390.82192,14700,33,15596,697.769863,418,4,3140,201.5013699,73,32,794,158.9506849,166,18,243,106.6027397,102,463,4180,1478.917808,1360,674,6382,1945.972603,1807,10115,88648,20034.56438,17121,22,406,209.9506849,227,494,7177,3071.821918,2497,0,4433,2551.29589,2763,0,214,65.78082192,78,1473,11787,5898.789041,5642,810,4400,2297.10411,1950,0,17651,813.2931507,0,0,0,0,0,-15651,4400,1483.810959,1804,1816,12611,5209.526027,5108,-5812,19980,292.1726027,0,3532,71371,12463.60548,9315,1902,89080,12651.94247,8559,0.03,0.76,0.316383562,0.32,-10,85,43.96986301,43,7850,86885,18661.76438,15472,-11,82,38.68493151,37,62.56,86.9,77.61046575,77.26,40,28,11,7,21,7,0,0,0,0
2014,7235,4273.516129,4251,2991,12738,5567.966667,4640.5,3096,7970,4951.193548,4534,3904,7050,4780.419355,4638,3976,29536,11061.03571,7775,5353,25999,12723.12903,11909,3761,21490,7912.733333,5982,3505,4982,4174.387097,4074,3094,6573,5406.033333,5336,4153,5075,4084.967742,4054,3218,4900,3418.612903,3320,2343,4732,3201.066667,3093.5,1620,4340,27900,8904.684932,8250,73,854,326.7780822,245,0,2520,92.56712329,23,27,535,128.0465753,154,10,244,91.88493151,55,225,3050,870.6739726,830,413,3756,1183.175342,1127,6634,30030,10414.63836,9670,0,307,141.6821918,136,0,3694,1298.641096,1189,0,4248,1311.99726,986,0,143,62.03013699,63,643,7183,2814.290411,2625,799,4357,2296.194521,1963,0,9169,621.7479452,0,0,0,0,0,-8343,4357,1674.457534,1900,1406,5753,3185.547945,3117,-3772,13166,465.9616438,258,2189,23819,5577.126027,4462,1620,29536,5925.852055,4514,0.05,0.52,0.244575342,0.23,-60,82,45.7260274,50,5318,29117,9632.613699,8832,-37,81,40.75616438,45,74.19,90.32,84.23556164,85.17,13,0,4,0,0,0,0,0,0,0
2015,8186,4720.612903,4407,3259,8536,5433.7,5377,2557,58997,33506.93548,32032,6159,12876,6051.354839,5339,4433,40894,16257.53571,10955.5,5599,7897,5988.741935,5948,4681,12283,6818.266667,6270.5,4007,7475,5908.903226,6262,3618,7234,4796.466667,4634,3624,5850,4763.580645,4806,3439,5715,4470.064516,4690,2582,5990,4825.733333,4943.5,3394,5030,54000,10618.24658,7750,139,5050,708.6328767,523,0,4960,93.46027397,32,17,962,123.509589,99,7,2700,776.3589041,799,84,1810,583.5342466,453,168,6213,1576.863014,1439,6319,59890,12903.74247,9816,25,305,96.88493151,81,0,6675,1575.715068,686,0,4119,962.6246575,817,0,93,43.60273973,48,426,10687,2678.830137,1750,832,4400,2305.816438,1964,0,12837,681.4082192,0,0,0,0,0,-10639,4400,1624.413699,1846,1498,8011,3355.315068,3423,-5229,9512,1197.421918,1536,1527,51104,7516.739726,4341,2557,58997,8600.416438,5339,0.03,0.52,0.194794521,0.15,-34,76,40.09041096,43,5950,58250,12332.83288,9476,-44,75,36.9260274,40,66.75,90.21,81.93893151,83.13,30,20,8,4,16,0,4,0,0,0
2016,6437,4737.580645,4516,3645,9889,4769.066667,4356.5,2310,21379,9248.612903,7437,2860,53300,27636.22581,27424,3611,42112,17844.34483,14354,10017,164899,63654.35484,63475,8331,32003,20873.9,19590.5,10895,16325,12154.12903,11966,8481,8423,7049.033333,6929.5,5892,14082,8252.032258,8027,6015,9768,6195.193548,5755,3645,8507,5189.766667,4731,3427,5420,82000,18920.62842,16150,43,77404,1273.262295,461,0,7150,423.568306,72.5,22,467,114.647541,103,11,324,99.93169399,36,195,5230,1005.934426,763.5,335,10618,1644.021858,1116,6322,169451,21837.92077,18282.5,3,384,186.6666667,154,0,7178,2724.098361,2144.5,397,4247,1877.027322,1619,0,103,45.87704918,50,641,11833,4833.57377,4371,838,4370,2308.005464,1970.5,0,11003,992.6857923,0,0,0,0,0,-9956,4370,1315.352459,1729,2022,12672,5404.759563,4291.5,-5464,17918,1360.224044,1481,1359,147474,14420.82514,10000.5,2310,164899,15688.96448,8186,0.04,0.61,0.254371585,0.225,-22,80,36.57650273,36,5681,164221,20903.22951,17347,-30,80,32.63387978,31,58.71,87.01,76.50844262,78.83,66,45,24,18,0,14,4,26,1,0
2017,18813,7614.935484,4895,2588,15819,8668.966667,8272.5,2370,95120,35362.45161,31361,3132,306201,143948.4516,151751,19011,374553,269002.4643,305844.5,94624,202136,124338.6129,123231,88471,128432,106997.4667,110457,76794,110221,65149.32258,62812,46441,43106,28121.3,24509,18206,17160,9651.225806,8550,6749,12317,10235.93548,10107,8132,14850,12936.73333,13319,10357,8840,96200,39829.17808,25000,38,242456,20266.15616,621,5,36400,1653.482192,438,96,4716,2117.723288,1359,14,4976,568.3863014,160,305,40200,12224.16438,8780,573,62560,16563.75342,12893,11339,378580,76659.08767,35824,65,290,157.1753425,166,0,10300,4989.709589,5492,972,4415,3736.810959,4029,0,131,44.80547945,40,2930,14650,8928.39726,9297,847,4400,2314.093151,1972,0,16734,1759.243836,0,0,0,0,0,-15885,4400,554.9369863,1796,2292,13624,7702.169863,7810,-8157,74640,14976.75068,5591,3859,324016,52237.8,20916,2370,374553,67175.70411,23497,0.02,0.71,0.256931507,0.24,-32,84,30.71232877,26,9209,368397,71442.15342,29382,-43,82,23.08493151,14,40.1,85.58,63.89284932,66,170,164,57,55,17,27,28,31,30,31
2018,15069,9340.580645,9359,5257,15306,9046.366667,8671.5,5018,9078,6841.129032,6773,5550,36943,16992,14974,7676,14319,11570.25,11584,9388,66726,28192.67742,23407,8703,97294,41906.1,31995.5,15498,15708,12687.19355,13885,8670,11739,7317.6,7266.5,5453,8153,6651.774194,6726,4912,7543,5759.806452,5950,3989,7362,6078.266667,6093.5,5125,8030,77500,17407.61644,15100,25,4537,371.8630137,274,16,11200,406.5205479,92,29,2360,399.8958904,315,16,2674,175.3205479,123,400,10900,2576.00274,2060,652,18578,3557.720548,2870,13181,95896,21337.16986,18233,13,288,149.0821918,157,0,6930,2975.109589,2794,872,4398,3169.860274,3519,0,129,70.09041096,79,1038,11372,6364.126027,6295,827,4360,2313.243836,1985,0,14441,860.3945205,0,0,0,0,0,-13094,4360,1452.884932,1924,1980,12000,4772.191781,3590,-6818,26151,1021.378082,-185,5039,70642,12600.43014,9795,3989,97294,13520.10137,8865,0.03,0.61,0.319123288,0.3,-28,79,42.70136986,43,10108,92643,19282.46849,16533,-25,78,35.43561644,33,60.23,83.29,75.72246575,76.91,49,32,5,4,0,4,0,11,17,0
2019,10832,5005.709677,4193,2641,18301,7894.5,4954.5,3744,20395,10077.41935,8407,3013,63088,32308.77419,30192,6273,162975,81926.89286,68466,23893,180911,120729.9355,106554,78125,106646,85681.56667,92960,52156,72728,50116.74194,48005,39239,54421,32967.03333,27780,13291,10848,7633.677419,7055,6323,17108,11687.06452,11359,7378,17681,12471.73333,12256,9301,7440,83400,31671.06849,21400,42,75000,5253.950685,154,16,9300,970.9479452,204,174,3045,1263.134247,979,18,4953,425.9780822,204,1100,17200,6300.575342,3370,1346,30222,8960.567123,4709,9188,183147,45885.54795,25918,0,269,135.4356164,149,-16,7791,3916.060274,3594,809,4382,3268.545205,3585,0,130,61.89315068,64,2138,12088,7381.873973,7609,846,4363,2312.312329,1990,0,19485,1695.673973,0,0,0,0,0,-16995,4363,616.7123288,1738,1620,13000,6964.873973,7160,-5623,36498,8142.70137,3230,3200,144810,29787.43014,13285,2641,180911,37886.95068,16609,0.02,0.64,0.272739726,0.27,-24,80,32.19178082,31,7818,177368,42259.34795,22624,-21,78,25.43287671,17,48.95,86.34,68.36367123,73.18,147,134,53,42,0,16,26,31,30,31
2020,15428,13226.64516,13384,10937,10339,6787.633333,6996,4047,25397,14507.58065,11583,7788,21279,12917.64516,12182,9264,14889,11768.06897,11523,10045,19000,10325.48387,9279,6874,22910,11383.6,9652.5,7114,14865,9053.935484,8337,6351,10063,7108.266667,6824.5,5971,5882,4526.612903,4583,3284,4642,3395.612903,3316,2722,6947,4271.6,4347,2480,7770,24500,13360.81967,12600,32,800,85.14480874,73,11,4130,227.6311475,100,34,1323,228.510929,183.5,20,246,111.0218579,120.5,333,6100,1823.592896,1745,564,7448,2390.721311,2371.5,10246,30568,15836.63388,14804.5,49,247,154.1912568,166,-88,7489,2103.338798,1496.5,4,4326,2711.34153,2770,0,128,68.18306011,75.5,875,11751,5037.07377,5132.5,829,4351,2299.92623,1970,0,12149,610.6448087,0,0,0,0,0,-10103,4351,1689.281421,1829,1920,8100,4598.912568,4280,-5270,7909,854.5464481,544,4037,20350,8373.991803,7195,2480,25397,9110.289617,8260,0.05,0.6,0.297240437,0.31,-3,83,43.95081967,41,8546,25356,14061.63388,13254.5,-18,83,36.21038251,31,73.31,88.54,78.54642077,76.86,13,0,1,0,0,0,0,0,0,0
